date,team1,team2,league_id,prob1,prob2,probTie,odd1,odd2,oddTie,bookmaker1,bookmaker2,bookmakerTie,outcome1,outcome2,outcomeTie,bankroll1,bankroll2,bankrollTie,profit1,profit2,profitTie,Unnamed: 22,Unnamed: 23,0.17011889199710134,44,Unnamed: 26,1.2011470979901384,1.039281897862465,0.15442976963696353,0.050744761935856926,0.001950190850868227,Unnamed: 32,treshold =,0.15,Unnamed: 35,Unnamed: 36,bankroll1.1,bankroll2.1,bankrollTie.1
16-01-2021,Tondela,Boavista,1864,0.2405287892146925,0.5085931316575645,0.2508780791277431,3.3,2.1,3.3,betano,betano,betano,1.0,0.0,0.0,0.0,0.0,0,0.0,0.0,0.0,,date,ROI,N,,exp,mult,max,avg1,avg2,,cost func,0.17011889199710134,,,0.0,0.0,0
16-01-2021,Fluminense,Sport Recife,2105,0.5961457627110186,0.1594741709853893,0.2443800663035922,1.88,4.35,3.25,betano,betano,luckia,1.0,0.0,0.0,0.0657337926200835,0.0,0,0.12357953012575697,0.0,0.0,,,,,,1.1266,0.99996,0.1614130588599732,0.04509781850702018,0.001839283578325529,,,,,,0.0657337926200835,0.0,0
16-01-2021,Guadalajara Chivas,Toluca,1975,0.5569437227474687,0.1854289599695962,0.257627317282935,1.86,3.75,3.4,luckia,luckia,luckia,0.0,0.0,1.0,0.0,0.0,0,0.0,0.0,0.0,,,,,,0.06616997868821087,0.039323470801297035,0.04326347119824868,0.12521544535369733,0.06029916966021488,,,,,,0.0,0.0,0
17-01-2021,Yeni Malatyaspor,Rizespor,1882,0.4637108445373673,0.2367564390311813,0.2995327164314515,1.93,3.8,3.4,,,,1.0,0.0,0.0,0.0,0.0,0,0.0,0.0,0.0,,,,,,,,,,,,,,,,0.0,0.0,0
17-01-2021,Groningen,Twente,1849,0.424782039426121,0.2670979768697476,0.3081199837041315,2.18,3.05,3.4,betano,luckia,luckia,0.0,0.0,1.0,0.0,0.0,0,0.0,0.0,0.0,,,,,,,,,,,,,,,,0.0,0.0,0
17-01-2021,Venlo,Heerenveen,1849,0.2845132519888611,0.4517044547544495,0.2637822932566893,3.1,2.05,3.75,luckia,betano,luckia,0.0,0.0,1.0,0.0,0.0,0,0.0,0.0,0.0,,,,,,,,,,,,,,,,0.0,0.0,0
17-01-2021,Crotone,Benevento,1854,0.2880821417332591,0.4193780521729998,0.292539806093741,2.47,2.45,3.05,betano,betano,betano,1.0,0.0,0.0,0.0,0.0,0,0.0,0.0,0.0,,,,,,,,,,,,,,,,0.0,0.0,0
17-01-2021,Sassuolo,Parma,1854,0.5732988740268133,0.1695997977746801,0.2571013281985065,1.65,4.6,3.95,betano,betano,betano,0.0,0.0,1.0,0.0,0.0,0,0.0,0.0,0.0,,,,,,,,,,,,,,,,0.0,0.0,0
17-01-2021,Pescara,Cremonese,1856,0.3004962350904868,0.4022356746873244,0.2972680902221888,2.65,2.4,2.82,betano,betano,betano,0.0,1.0,0.0,0.0,0.0,0,0.0,0.0,0.0,,,,,,,,,,,,,,,,0.0,0.0,0
17-01-2021,Strasbourg,St Etienne,1843,0.5607318887036915,0.1747365294506711,0.2645315818456375,1.6,4.7,3.35,betano,betano,betano,1.0,0.0,0.0,0.0,0.0,0,0.0,0.0,0.0,,,,,,,,,,,,,,,,0.0,0.0,0
17-01-2021,Nice,Bordeaux,1843,0.3774007646970334,0.3036122418927849,0.3189869934101818,2.3,3.05,3.15,betano,betano,betano,0.0,1.0,0.0,0.0,0.0,0,0.0,0.0,0.0,,,,,,,,,,,,,,,,0.0,0.0,0
17-01-2021,Sheffield Utd,Tottenham,2411,0.185467595663398,0.5954550846548268,0.2190773196817753,4.2,1.72,3.15,betano,betano,betano,0.0,1.0,0.0,0.0,0.0,0,0.0,0.0,0.0,,,,,,,,,,,,,,,,0.0,0.0,0
17-01-2021,Nantes,Lens,1843,0.3249371699888133,0.3630939403897577,0.3119688896214291,2.72,3.9,3.45,betano,luckia,luckia,0.0,0.0,1.0,0.0,0.07231443330088713,0,0.0,0.0,0.0,,,,,,,,,,,,,,,,0.0,0.07231443330088713,0
17-01-2021,Bayern Munich,Freiburg,1845,0.7323860987708276,0.09443661465609145,0.1731772865730809,1.24,10.5,6.75,betano,betano,luckia,1.0,0.0,0.0,0.0,0.0,0,0.0,0.0,0.0,,,,,,,,,,,,,,,,0.0,0.0,0
17-01-2021,Cercle Brugge KSV,St. Liege,1832,0.2646079061103301,0.472279533009375,0.2631125608802948,3.3,2.07,3.45,luckia,betano,luckia,0.0,1.0,0.0,0.0,0.0,0,0.0,0.0,0.0,,,,,,,,,,,,,,,,0.0,0.0,0
17-01-2021,Sion,Lugano,1879,0.2513797788365598,0.485870663009501,0.2627495581539393,3.0,1.85,2.65,betano,betano,betano,0.0,0.0,1.0,0.0,0.0,0,0.0,0.0,0.0,,,,,,,,,,,,,,,,0.0,0.0,0
17-01-2021,Nacional,Moreirense,1864,0.343081584627165,0.347257123871722,0.3096612915011129,2.18,3.0,2.9,betano,betano,betano,0.0,1.0,0.0,0.0,0.0,0,0.0,0.0,0.0,,,,,,,,,,,,,,,,0.0,0.0,0
17-01-2021,Ajax,Feyenoord,1849,0.7026656308809621,0.1075184772461392,0.1898158918728988,1.37,5.1,4.45,betano,betano,betano,1.0,0.0,0.0,0.0,0.0,0,0.0,0.0,0.0,,,,,,,,,,,,,,,,0.0,0.0,0
17-01-2021,Wolfsberger AC,Sturm Graz,1827,0.2411438808696468,0.5060503544118095,0.2528057647185438,2.5,2.6,3.35,luckia,luckia,luckia,0.0,0.0,1.0,0.0,0.12601006386572772,0,0.0,0.0,0.0,,,,,,,,,,,,,,,,0.0,0.12601006386572772,0
17-01-2021,Lille,Reims,1843,0.5246031158721091,0.2023456885032595,0.2730511956246315,1.65,5.75,3.5,betano,luckia,luckia,1.0,0.0,0.0,0.0,0.0,0,0.0,0.0,0.0,,,,,,,,,,,,,,,,0.0,0.0,0
17-01-2021,Besiktas,Galatasaray,1882,0.2911716752125558,0.4377296591292487,0.2710986656581955,2.65,2.6,3.2,betano,luckia,luckia,1.0,0.0,0.0,0.0,0.005940190250911415,0,0.0,0.0,0.0,,,,,,,,,,,,,,,,0.0,0.005940190250911415,0
17-01-2021,Liverpool,Manchester Utd,2411,0.4989171546985955,0.2200821045264321,0.2810007407749723,2.06,3.84,3.93,betano,betano,betano,0.0,0.0,1.0,0.0,0.0,0,0.0,0.0,0.0,,,,,,,,,,,,,,,,0.0,0.0,0
17-01-2021,Eintracht Frankfurt,Schalke,1845,0.6144578693155256,0.1493169831927237,0.2362251474917507,1.5,6.0,4.6,betano,luckia,luckia,1.0,0.0,0.0,0.0,0.0,0,0.0,0.0,0.0,,,,,,,,,,,,,,,,0.0,0.0,0
17-01-2021,Atalanta,Genoa,1854,0.7846045892387572,0.07218640712816303,0.1432090036330797,1.24,11.0,6.75,betano,luckia,luckia,0.0,0.0,1.0,0.0,0.0,0,0.0,0.0,0.0,,,,,,,,,,,,,,,,0.0,0.0,0
17-01-2021,Beerschot VA,Club Brugge KV,1832,0.1094412398891918,0.746955759353654,0.1436030007571543,9.0,1.27,6.0,betano,betano,luckia,0.0,1.0,0.0,0.0,0.0,0,0.0,0.0,0.0,,,,,,,,,,,,,,,,0.0,0.0,0
17-01-2021,Santa Clara,Famalicao,1864,0.4053710704269668,0.2883556194913323,0.3062733100817009,2.37,3.2,3.2,betano,luckia,luckia,0.0,1.0,0.0,0.0,0.0,0,0.0,0.0,0.0,,,,,,,,,,,,,,,,0.0,0.0,0
17-01-2021,U.N.A.M.- Pumas,Mazatlan FC,1975,0.5181951397823598,0.2120995856815217,0.2697052745361186,2.15,2.95,3.45,luckia,luckia,luckia,1.0,0.0,0.0,0.019440078469179778,0.0,0,0.04179616870873652,0.0,0.0,,,,,,,,,,,,,,,,0.019440078469179778,0.0,0
17-01-2021,Santos,Botafogo RJ,2105,0.5632482342534613,0.1798468281606311,0.2569049375859075,1.8,4.25,3.55,luckia,betano,betano,1.0,0.0,0.0,0.0,0.0,0,0.0,0.0,0.0,,,,,,,,,,,,,,,,0.0,0.0,0
17-01-2021,Athletico-PR,Sao Paulo,2105,0.2730977580572307,0.437364857672566,0.2895373842702033,3.5,2.15,3.05,luckia,luckia,luckia,0.0,0.0,1.0,0.0,0.0,0,0.0,0.0,0.0,,,,,,,,,,,,,,,,0.0,0.0,0
17-01-2021,Manchester City,Crystal Palace,2411,0.8219631177342782,0.05702352353921084,0.121013358726511,1.25,11.75,6.25,luckia,betano,luckia,1.0,0.0,0.0,0.1380368970442999,0.0,0,0.17254612130537486,0.0,0.0,,,,,,,,,,,,,,,,0.1380368970442999,0.0,0
17-01-2021,Inter,Juventus,1854,0.3417067828357142,0.3755299554747522,0.2827632616895338,2.4,3.17,3.73,betano,betano,betano,1.0,0.0,0.0,0.0,0.010999188335609977,0,0.0,0.0,0.0,,,,,,,,,,,,,,,,0.0,0.010999188335609977,0
17-01-2021,St. Truiden,Leuven,1832,0.5325294265484033,0.2006801408802039,0.2667904325713928,1.88,3.6,3.6,betano,luckia,luckia,1.0,0.0,0.0,0.0,0.0,0,0.0,0.0,0.0,,,,,,,,,,,,,,,,0.0,0.0,0
17-01-2021,Lyon,Metz,1843,0.6981039614630763,0.1094182358410964,0.1924778026958273,1.38,8.25,4.85,betano,betano,luckia,0.0,1.0,0.0,0.0,0.0,0,0.0,0.0,0.0,,,,,,,,,,,,,,,,0.0,0.0,0
17-01-2021,Gil Vicente,Maritimo,1864,0.4024666115296175,0.2914928441267615,0.306040544343621,2.3,3.75,2.95,betano,betano,luckia,0.0,1.0,0.0,0.0,0.0,0,0.0,0.0,0.0,,,,,,,,,,,,,,,,0.0,0.0,0
17-01-2021,Empoli,Salernitana,1856,0.6022150701914467,0.1582266850877359,0.2395582447208175,1.62,5.2,3.45,betano,betano,betano,1.0,0.0,0.0,0.0,0.0,0,0.0,0.0,0.0,,,,,,,,,,,,,,,,0.0,0.0,0
17-01-2021,Atletico-MG,Atletico GO,2105,0.6869364551008915,0.114704315167706,0.1983592297314024,1.47,7.0,4.5,betano,luckia,luckia,1.0,0.0,0.0,0.0,0.0,0,0.0,0.0,0.0,,,,,,,,,,,,,,,,0.0,0.0,0
17-01-2021,Ceara,Bragantino,2105,0.4118941128072679,0.2811315117135973,0.3069743754791348,2.75,2.62,3.05,betano,betano,luckia,0.0,1.0,0.0,0.0,0.0,0,0.0,0.0,0.0,,,,,,,,,,,,,,,,0.0,0.0,0
17-01-2021,Internacional,Fortaleza,2105,0.5728489474819422,0.173606726731187,0.2535443257868709,1.86,5.1,3.15,luckia,betano,betano,1.0,0.0,0.0,0.0,0.0,0,0.0,0.0,0.0,,,,,,,,,,,,,,,,0.0,0.0,0
18-01-2021,Fenerbahce,Ankaragucu,1882,0.6575581008769857,0.1291807508562002,0.2132611482668141,1.37,7.3,4.75,luckia,betano,luckia,1.0,0.0,0.0,0.0,0.0,0,0.0,0.0,0.0,,,,,,,,,,,,,,,,0.0,0.0,0
18-01-2021,Kasimpasa,Erzurum BB,1882,0.4841439933802886,0.2246827082940503,0.2911732983256611,1.82,4.05,3.6,betano,luckia,betano,0.0,1.0,0.0,0.0,0.0,0,0.0,0.0,0.0,,,,,,,,,,,,,,,,0.0,0.0,0
18-01-2021,Hamburger SV,VfL Osnabruck,1846,0.5999154074596458,0.1565192246947113,0.2435653678456429,1.47,6.0,4.15,betano,luckia,luckia,1.0,0.0,0.0,0.0,0.0,0,0.0,0.0,0.0,,,,,,,,,,,,,,,,0.0,0.0,0
18-01-2021,Cagliari,AC Milan,1854,0.1433108341954502,0.6786688707424675,0.1780202950620823,4.8,1.62,3.35,betano,betano,betano,0.0,1.0,0.0,0.0,0.10508018416303422,0,0.0,0.17022989834411545,0.0,,,,,,,,,,,,,,,,0.0,0.10508018416303422,0
18-01-2021,Arsenal,Newcastle,2411,0.6738009010493077,0.120758005535457,0.2054410934152354,1.44,7.5,4.7,betano,betano,luckia,1.0,0.0,0.0,0.0,0.0,0,0.0,0.0,0.0,,,,,,,,,,,,,,,,0.0,0.0,0
18-01-2021,Spal,Reggiana,1856,0.6406823051036419,0.1369445527332331,0.222373142163125,1.53,5.5,3.8,betano,betano,betano,1.0,0.0,0.0,0.0,0.0,0,0.0,0.0,0.0,,,,,,,,,,,,,,,,0.0,0.0,0
18-01-2021,Portimonense,Belenenses,1864,0.3341229458508422,0.3539869648389987,0.3118900893101591,2.45,3.35,3.05,betano,luckia,betano,1.0,0.0,0.0,0.0,0.0033557374491702263,0,0.0,0.0,0.0,,,,,,,,,,,,,,,,0.0,0.0033557374491702263,0
18-01-2021,Palmeiras,Corinthians,2105,0.5766481495623179,0.1710426143573138,0.2523092360803684,2.07,3.65,3.15,betano,luckia,betano,1.0,0.0,0.0,0.111355384124535,0.0,0,0.23050564513778743,0.0,0.0,,,,,,,,,,,,,,,,0.111355384124535,0.0,0
18-01-2021,Goias,Flamengo RJ,2105,0.1492730433853508,0.6700944824784555,0.1806324741361937,7.2,1.39,5.25,betano,betano,luckia,0.0,1.0,0.0,0.0,0.0,0,0.0,0.0,0.0,,,,,,,,,,,,,,,,0.0,0.0,0
19-01-2021,Central Coast Mariners,WS Wanderers,1948,0.2531821478246812,0.4811203267984935,0.2656975253768253,3.1,2.12,3.55,luckia,betano,betano,0.0,1.0,0.0,0.0,0.0,0,0.0,0.0,0.0,,,,,,,,,,,,,,,,0.0,0.0,0
19-01-2021,Goztepe,Genclerbirligi,1882,0.4869399787901891,0.2207251972709386,0.2923348239388723,1.75,4.3,3.7,betano,luckia,luckia,1.0,0.0,0.0,0.0,0.0,0,0.0,0.0,0.0,,,,,,,,,,,,,,,,0.0,0.0,0
19-01-2021,Kayserispor,Basaksehir,1882,0.2433271559645932,0.5035877265951585,0.2530851174402483,4.1,1.82,3.65,luckia,betano,luckia,1.0,0.0,0.0,0.0,0.0,0,0.0,0.0,0.0,,,,,,,,,,,,,,,,0.0,0.0,0
19-01-2021,Trabzonspor,Konyaspor,1882,0.5237436126563788,0.1977405750477616,0.2785158122958596,1.78,4.6,3.45,betano,luckia,luckia,1.0,0.0,0.0,0.0,0.0,0,0.0,0.0,0.0,,,,,,,,,,,,,,,,0.0,0.0,0
19-01-2021,B. Monchengladbach,Werder Bremen,1845,0.5479623531393403,0.1855774718110132,0.2664601750496464,1.57,5.5,3.85,betano,betano,betano,1.0,0.0,0.0,0.0,0.0,0,0.0,0.0,0.0,,,,,,,,,,,,,,,,0.0,0.0,0
19-01-2021,Hull,Accrington,2413,0.4925735950173927,0.2272800129495034,0.2801463920331039,1.7,3.5,3.25,betano,betano,betano,1.0,0.0,0.0,0.0,0.0,0,0.0,0.0,0.0,,,,,,,,,,,,,,,,0.0,0.0,0
19-01-2021,Mouscron,Waasland-Beveren,1832,0.4731731434672181,0.2410920413485518,0.2857348151842301,1.91,3.7,3.25,betano,betano,betano,0.0,0.0,1.0,0.0,0.0,0,0.0,0.0,0.0,,,,,,,,,,,,,,,,0.0,0.0,0
19-01-2021,West Ham,West Brom,2411,0.626439900669882,0.1434669285131769,0.2300931708169411,1.57,6.2,3.95,betano,betano,betano,1.0,0.0,0.0,0.0,0.0,0,0.0,0.0,0.0,,,,,,,,,,,,,,,,0.0,0.0,0
19-01-2021,Derby,Bournemouth,2412,0.2305474993303321,0.5137040228881786,0.2557484777814893,3.3,2.12,3.1,betano,betano,betano,1.0,0.0,0.0,0.0,0.0,0,0.0,0.0,0.0,,,,,,,,,,,,,,,,0.0,0.0,0
19-01-2021,Reading,Coventry,2412,0.3812997055721344,0.3058198074530322,0.3128804869748335,2.15,3.4,2.95,betano,betano,betano,1.0,0.0,0.0,0.0,0.0,0,0.0,0.0,0.0,,,,,,,,,,,,,,,,0.0,0.0,0
19-01-2021,Cadiz CF,Levante,1869,0.314753024320567,0.3744739381498689,0.3107730375295641,2.8,2.5,3.1,betano,betano,betano,0.0,0.0,1.0,0.0,0.0,0,0.0,0.0,0.0,,,,,,,,,,,,,,,,0.0,0.0,0
19-01-2021,Valladolid,Elche,1869,0.469965746473376,0.2346873856443992,0.2953468678822247,1.78,4.65,3.25,betano,betano,betano,0.0,0.0,1.0,0.0,0.0,0,0.0,0.0,0.0,,,,,,,,,,,,,,,,0.0,0.0,0
19-01-2021,Mirandes,Rayo Vallecano,1871,0.2899981164087478,0.4058216494837805,0.3041802341074716,2.95,2.37,2.92,betano,betano,betano,0.0,1.0,0.0,0.0,0.0,0,0.0,0.0,0.0,,,,,,,,,,,,,,,,0.0,0.0,0
19-01-2021,Peterborough,Charlton,2413,0.416115568497224,0.2862662462876916,0.2976181852150844,2.05,3.4,3.25,luckia,luckia,luckia,1.0,0.0,0.0,0.0,0.0,0,0.0,0.0,0.0,,,,,,,,,,,,,,,,0.0,0.0,0
19-01-2021,Sunderland,Plymouth,2413,0.6295848908024342,0.1421489392222048,0.228266169975361,1.6,5.25,3.6,luckia,luckia,luckia,0.0,1.0,0.0,0.0,0.0,0,0.0,0.0,0.0,,,,,,,,,,,,,,,,0.0,0.0,0
19-01-2021,MK Dons,Fleetwood,2413,0.401160661791825,0.2821583753874558,0.3166809628207192,2.3,3.0,3.1,luckia,luckia,luckia,1.0,0.0,0.0,0.0,0.0,0,0.0,0.0,0.0,,,,,,,,,,,,,,,,0.0,0.0,0
19-01-2021,Portsmouth,AFC Wimbledon,2413,0.6614418106649961,0.1276244785897679,0.2109337107452361,1.47,6.0,4.0,betano,luckia,luckia,1.0,0.0,0.0,0.0,0.0,0,0.0,0.0,0.0,,,,,,,,,,,,,,,,0.0,0.0,0
19-01-2021,Southend,Cambridge Utd,2414,0.307816536758915,0.3794126497908799,0.312770813450205,1.001,1.001,1.001,,,,0.0,1.0,0.0,0.0,0.0,0,0.0,0.0,0.0,,,,,,,,,,,,,,,,0.0,0.0,0
19-01-2021,Morecambe,Walsall,2414,0.3780239678129824,0.3012473943323551,0.3207286378546625,1.001,1.001,1.001,,,,0.0,0.0,1.0,0.0,0.0,0,0.0,0.0,0.0,,,,,,,,,,,,,,,,0.0,0.0,0
19-01-2021,Crewe,Bristol Rovers,2413,0.6425412874394167,0.1362169672165187,0.2212417453440645,1.53,5.5,4.0,betano,luckia,luckia,1.0,0.0,0.0,0.0,0.0,0,0.0,0.0,0.0,,,,,,,,,,,,,,,,0.0,0.0,0
19-01-2021,Tranmere,Forest Green,2414,0.3291416072180788,0.3497920926264398,0.3210663001554815,1.001,1.001,1.001,,,,1.0,0.0,0.0,0.0,0.0,0,0.0,0.0,0.0,,,,,,,,,,,,,,,,0.0,0.0,0
19-01-2021,Doncaster,Rochdale,2413,0.6135543670553385,0.1524763644679461,0.2339692684767154,1.55,4.95,4.05,luckia,luckia,luckia,1.0,0.0,0.0,0.0,0.0,0,0.0,0.0,0.0,,,,,,,,,,,,,,,,0.0,0.0,0
19-01-2021,Cheltenham,Newport,2414,0.3527325656013351,0.3267675826413253,0.3204998517573395,1.001,1.001,1.001,,,,0.0,0.0,1.0,0.0,0.0,0,0.0,0.0,0.0,,,,,,,,,,,,,,,,0.0,0.0,0
19-01-2021,Bayer Leverkusen,Dortmund,1845,0.2198463739862019,0.5393740339378932,0.2407795920759048,3.3,2.12,3.8,betano,betano,betano,1.0,0.0,0.0,0.0,0.05158979385015555,0,0.0,0.0,0.0,,,,,,,,,,,,,,,,0.0,0.05158979385015555,0
19-01-2021,Mainz,Wolfsburg,1845,0.1944614398690647,0.584563745864475,0.2209748142664603,4.05,1.82,3.8,luckia,betano,luckia,0.0,1.0,0.0,0.0,0.0002847795268871023,0,0.0,0.0005182987389345261,0.0,,,,,,,,,,,,,,,,0.0,0.0002847795268871023,0
19-01-2021,Hertha Berlin,Hoffenheim,1845,0.3727618762781513,0.3117261430284574,0.3155119806933913,2.4,2.85,3.55,luckia,luckia,betano,0.0,1.0,0.0,0.0,0.0,0,0.0,0.0,0.0,,,,,,,,,,,,,,,,0.0,0.0,0
19-01-2021,Watford,Barnsley,2412,0.4872250425035343,0.2256544068588829,0.2871205506375827,1.8,4.5,3.35,luckia,luckia,luckia,1.0,0.0,0.0,0.0,0.0,0,0.0,0.0,0.0,,,,,,,,,,,,,,,,0.0,0.0,0
19-01-2021,Rotherham,Stoke,2412,0.2844561910098103,0.4169671809219827,0.298576628068207,2.8,2.6,3.0,luckia,luckia,luckia,0.0,0.0,1.0,0.0,0.0,0,0.0,0.0,0.0,,,,,,,,,,,,,,,,0.0,0.0,0
19-01-2021,Anderlecht,Charleroi,1832,0.4824164757800612,0.2238715931450515,0.2937119310748874,1.95,3.75,3.35,betano,luckia,luckia,1.0,0.0,0.0,0.0,0.0,0,0.0,0.0,0.0,,,,,,,,,,,,,,,,0.0,0.0,0
19-01-2021,Leicester,Chelsea,2411,0.2708322039139552,0.4514386076225583,0.2777291884634865,2.89,2.67,3.57,betano,betano,betano,1.0,0.0,0.0,0.0,0.0453909715841474,0,0.0,0.0,0.0,,,,,,,,,,,,,,,,0.0,0.0453909715841474,0
19-01-2021,Alaves,Sevilla,1869,0.191847961642458,0.5844467705749737,0.2237052677825684,5.3,1.82,3.35,betano,betano,luckia,0.0,1.0,0.0,0.0,0.0,0,0.0,0.0,0.0,,,,,,,,,,,,,,,,0.0,0.0,0
20-01-2021,Newcastle Jets,Brisbane Roar,1948,0.4868537093260703,0.2351055049527121,0.2780407857212176,2.55,2.55,3.45,luckia,luckia,betano,0.0,1.0,0.0,0.0806559968191417,0.0,0,0.0,0.0,0.0,,,,,,,,,,,,,,,,0.0806559968191417,0.0,0
20-01-2021,Perth Glory,Adelaide United,1948,0.4761422955266347,0.2404369345718201,0.2834207699015453,2.18,3.05,3.5,betano,luckia,betano,1.0,0.0,0.0,0.0,0.0,0,0.0,0.0,0.0,,,,,,,,,,,,,,,,0.0,0.0,0
20-01-2021,Rizespor,Gaziantep,1882,0.2810188436191516,0.4344056152834765,0.2845755410973718,3.0,2.2,3.3,luckia,luckia,luckia,1.0,0.0,0.0,0.0,0.0,0,0.0,0.0,0.0,,,,,,,,,,,,,,,,0.0,0.0,0
20-01-2021,Hatayspor,Yeni Malatyaspor,1882,0.3889819875201398,0.2906548614205606,0.3203631510592996,2.25,2.95,3.3,luckia,luckia,luckia,0.0,1.0,0.0,0.0,0.0,0,0.0,0.0,0.0,,,,,,,,,,,,,,,,0.0,0.0,0
20-01-2021,Udinese,Atalanta,1854,0.1854100565183771,0.5965924457853412,0.2179974976962818,3.8,2.02,3.4,betano,betano,luckia,0.0,0.0,1.0,0.0,0.13494560982851278,0,0.0,0.0,0.0,,,,,,,,,,,,,,,,0.0,0.13494560982851278,0
20-01-2021,Kortrijk,St. Truiden,1832,0.3755255731823305,0.3084302824339021,0.3160441443837674,2.3,2.92,3.3,luckia,betano,luckia,0.0,1.0,0.0,0.0,0.0,0,0.0,0.0,0.0,,,,,,,,,,,,,,,,0.0,0.0,0
20-01-2021,Galatasaray,Denizlispor,1882,0.7127544133991298,0.103098180591948,0.184147406008922,1.39,6.6,4.4,betano,betano,betano,1.0,0.0,0.0,0.0,0.0,0,0.0,0.0,0.0,,,,,,,,,,,,,,,,0.0,0.0,0
20-01-2021,St. Gallen,Vaduz,1879,0.5451691204286082,0.1872513017288969,0.2675795778424949,1.55,4.25,3.35,betano,betano,betano,1.0,0.0,0.0,0.0,0.0,0,0.0,0.0,0.0,,,,,,,,,,,,,,,,0.0,0.0,0
20-01-2021,Lugano,Young Boys,1879,0.1791811985301529,0.6097933325151945,0.2110254689546527,4.05,1.6,3.25,betano,betano,betano,0.0,1.0,0.0,0.0,0.0,0,0.0,0.0,0.0,,,,,,,,,,,,,,,,0.0,0.0,0
20-01-2021,Schalke,FC Koln,1845,0.2889564450479643,0.4090001317232858,0.3020434232287499,2.9,2.5,3.1,luckia,luckia,luckia,0.0,1.0,0.0,0.0,0.0,0,0.0,0.0,0.0,,,,,,,,,,,,,,,,0.0,0.0,0
20-01-2021,KV Mechelen,St. Liege,1832,0.3695890795830788,0.3194207970396266,0.3109901233772947,2.3,2.87,3.4,luckia,betano,luckia,0.0,1.0,0.0,0.0,0.0,0,0.0,0.0,0.0,,,,,,,,,,,,,,,,0.0,0.0,0
20-01-2021,Eupen,Beerschot VA,1832,0.4889821060840641,0.2281334413569895,0.2828844525589465,1.88,3.65,3.65,betano,luckia,luckia,1.0,0.0,0.0,0.0,0.0,0,0.0,0.0,0.0,,,,,,,,,,,,,,,,0.0,0.0,0
20-01-2021,Manchester City,Aston Villa,2411,0.7416510997819783,0.09022636945944938,0.1681225307585724,1.27,11.25,6.0,betano,betano,luckia,1.0,0.0,0.0,0.0,0.0,0,0.0,0.0,0.0,,,,,,,,,,,,,,,,0.0,0.0,0
20-01-2021,Norwich,Bristol City,2412,0.6165883806709529,0.1481463718304454,0.2352652474986018,1.52,6.5,4.1,betano,luckia,luckia,1.0,0.0,0.0,0.0,0.0,0,0.0,0.0,0.0,,,,,,,,,,,,,,,,0.0,0.0,0
20-01-2021,Getafe,Huesca,1869,0.4591039417248242,0.2417169257880389,0.299179132487137,1.87,4.9,3.25,betano,luckia,luckia,1.0,0.0,0.0,0.0,0.0,0,0.0,0.0,0.0,,,,,,,,,,,,,,,,0.0,0.0,0
20-01-2021,Cardiff,QPR,2412,0.4167645126132187,0.2767330942545489,0.3065023931322323,2.15,3.3,3.25,luckia,luckia,luckia,0.0,1.0,0.0,0.0,0.0,0,0.0,0.0,0.0,,,,,,,,,,,,,,,,0.0,0.0,0
20-01-2021,Huddersfield,Millwall,2412,0.2803112817377567,0.4235841470032441,0.2961045712589992,3.25,2.3,3.05,luckia,betano,luckia,0.0,1.0,0.0,0.0,0.0,0,0.0,0.0,0.0,,,,,,,,,,,,,,,,0.0,0.0,0
20-01-2021,Brentford,Luton,2412,0.6054110198271389,0.1537827652379924,0.2408062149348688,1.57,6.75,3.75,betano,luckia,luckia,1.0,0.0,0.0,0.0,0.0,0,0.0,0.0,0.0,,,,,,,,,,,,,,,,0.0,0.0,0
20-01-2021,Nottingham,Middlesbrough,2412,0.3149384545130288,0.3748574652022581,0.3102040802847131,2.65,2.9,3.0,luckia,luckia,betano,0.0,1.0,0.0,0.0,0.0,0,0.0,0.0,0.0,,,,,,,,,,,,,,,,0.0,0.0,0
20-01-2021,RB Leipzig,Union Berlin,1845,0.5494021196986828,0.1849165597507307,0.2656813205505865,1.55,6.25,4.15,betano,luckia,luckia,1.0,0.0,0.0,0.0,0.0,0,0.0,0.0,0.0,,,,,,,,,,,,,,,,0.0,0.0,0
20-01-2021,Arminia Bielefeld,Stuttgart,1845,0.2036917215752355,0.5672064074096527,0.2291018710151118,4.05,1.83,3.8,luckia,betano,luckia,1.0,0.0,0.0,0.0,0.0,0,0.0,0.0,0.0,,,,,,,,,,,,,,,,0.0,0.0,0
20-01-2021,Augsburg,Bayern Munich,1845,0.07680511407074832,0.8091787069331401,0.1140161789961116,14.0,1.17,8.0,betano,betano,luckia,0.0,1.0,0.0,0.0,0.0,0,0.0,0.0,0.0,,,,,,,,,,,,,,,,0.0,0.0,0
20-01-2021,Freiburg,Eintracht Frankfurt,1845,0.2765465884019441,0.4389189365365723,0.2845344750614835,2.8,2.4,3.45,luckia,luckia,luckia,0.0,0.0,1.0,0.0,0.0,0,0.0,0.0,0.0,,,,,,,,,,,,,,,,0.0,0.0,0
20-01-2021,Birmingham,Preston,2412,0.311739712126856,0.3791175164441112,0.3091427714290328,2.65,2.85,2.9,luckia,luckia,luckia,0.0,1.0,0.0,0.0,0.0,0,0.0,0.0,0.0,,,,,,,,,,,,,,,,0.0,0.0,0
20-01-2021,Club Brugge KV,Oostende,1832,0.7134321891300446,0.1028216978143278,0.1837461130556276,1.39,6.7,4.65,betano,betano,luckia,1.0,0.0,0.0,0.0,0.0,0,0.0,0.0,0.0,,,,,,,,,,,,,,,,0.0,0.0,0
20-01-2021,Antwerp,Cercle Brugge KSV,1832,0.513498679323408,0.2176495777852551,0.2688517428913372,1.87,3.8,3.6,betano,betano,luckia,1.0,0.0,0.0,0.0,0.0,0,0.0,0.0,0.0,,,,,,,,,,,,,,,,0.0,0.0,0
20-01-2021,Marseille,Lens,1843,0.434483903845392,0.2598360831910989,0.3056800129635092,2.1,3.75,3.35,betano,betano,betano,0.0,1.0,0.0,0.0,0.0,0,0.0,0.0,0.0,,,,,,,,,,,,,,,,0.0,0.0,0
20-01-2021,Betis,Celta Vigo,1869,0.4495896807391268,0.2483569964914345,0.3020533227694387,2.2,3.3,3.35,luckia,betano,luckia,1.0,0.0,0.0,0.0,0.0,0,0.0,0.0,0.0,,,,,,,,,,,,,,,,0.0,0.0,0
20-01-2021,Botafogo RJ,Atletico GO,2105,0.4495822611102394,0.2519792886513764,0.2984384502383842,2.3,3.05,3.25,luckia,luckia,betano,0.0,1.0,0.0,0.0,0.0,0,0.0,0.0,0.0,,,,,,,,,,,,,,,,0.0,0.0,0
20-01-2021,Fulham,Manchester Utd,2411,0.1498781461413421,0.6636330230603111,0.1864888307983469,5.75,1.62,4.15,luckia,betano,luckia,0.0,1.0,0.0,0.0,0.05946487770143216,0,0.0,0.0963331018763201,0.0,,,,,,,,,,,,,,,,0.0,0.05946487770143216,0
20-01-2021,Livingston,Celtic,2417,0.1641947671558471,0.6420339068099256,0.1937713260342273,5.5,1.54,3.8,luckia,luckia,luckia,0.0,0.0,1.0,0.0,0.0,0,0.0,0.0,0.0,,,,,,,,,,,,,,,,0.0,0.0,0
20-01-2021,Villarreal,Granada CF,1869,0.533384932264717,0.1963332386754266,0.2702818290598565,1.71,5.75,3.55,luckia,luckia,betano,0.0,0.0,1.0,0.0,0.0,0,0.0,0.0,0.0,,,,,,,,,,,,,,,,0.0,0.0,0
20-01-2021,Bahia,Athletico-PR,2105,0.5130241930310627,0.2100199446305943,0.276955862338343,1.98,3.9,3.3,betano,luckia,luckia,1.0,0.0,0.0,0.0,0.0,0,0.0,0.0,0.0,,,,,,,,,,,,,,,,0.0,0.0,0
20-01-2021,Gremio,Atletico-MG,2105,0.4278902012761549,0.2744674616374135,0.2976423370864316,2.42,2.8,3.25,betano,luckia,luckia,0.0,0.0,1.0,0.0,0.0,0,0.0,0.0,0.0,,,,,,,,,,,,,,,,0.0,0.0,0
20-01-2021,Coritiba,Fluminense,2105,0.3493957829671355,0.3428105644922543,0.3077936525406101,3.0,2.42,3.1,luckia,betano,betano,0.0,0.0,1.0,0.0,0.0,0,0.0,0.0,0.0,,,,,,,,,,,,,,,,0.0,0.0,0
21-01-2021,Karagumruk,Besiktas,1882,0.2302741766583195,0.5187631922732757,0.2509626310684049,3.7,1.88,3.75,luckia,betano,luckia,0.0,1.0,0.0,0.0,0.0,0,0.0,0.0,0.0,,,,,,,,,,,,,,,,0.0,0.0,0
21-01-2021,Erzurum BB,Alanyaspor,1882,0.2089263953856104,0.5592182477711062,0.2318553568432834,4.5,1.7,3.75,luckia,betano,luckia,0.0,0.0,1.0,0.0,0.0,0,0.0,0.0,0.0,,,,,,,,,,,,,,,,0.0,0.0,0
21-01-2021,Sivasspor,Fenerbahce,1882,0.2938594276662033,0.4044407228990367,0.3016998494347601,2.82,2.4,3.4,betano,luckia,betano,0.0,0.0,1.0,0.0,0.0,0,0.0,0.0,0.0,,,,,,,,,,,,,,,,0.0,0.0,0
21-01-2021,Ankaragucu,Kasimpasa,1882,0.3477356800799324,0.3466649248173039,0.3055993951027635,2.4,2.75,3.3,luckia,luckia,luckia,1.0,0.0,0.0,0.0,0.0,0,0.0,0.0,0.0,,,,,,,,,,,,,,,,0.0,0.0,0
21-01-2021,Waregem,Leuven,1832,0.3329045488318278,0.3887791617790347,0.2783162893891376,2.55,2.35,3.8,betano,luckia,luckia,0.0,1.0,0.0,0.0,0.0,0,0.0,0.0,0.0,,,,,,,,,,,,,,,,0.0,0.0,0
21-01-2021,Valencia,Osasuna,1869,0.4409455146043082,0.2578692493016537,0.3011852360940381,2.05,3.9,3.5,betano,luckia,betano,0.0,0.0,1.0,0.0,0.0,0,0.0,0.0,0.0,,,,,,,,,,,,,,,,0.0,0.0,0
21-01-2021,Genk,Gent,1832,0.372703640198372,0.3419251204029382,0.2853712393986898,2.3,2.7,3.6,luckia,luckia,luckia,0.0,0.0,1.0,0.0,0.0,0,0.0,0.0,0.0,,,,,,,,,,,,,,,,0.0,0.0,0
21-01-2021,Liverpool,Burnley,2411,0.7577981328391696,0.08324001808075106,0.1589618490800792,1.3,11.75,5.75,betano,betano,luckia,0.0,1.0,0.0,0.0,0.0,0,0.0,0.0,0.0,,,,,,,,,,,,,,,,0.0,0.0,0
21-01-2021,Vitoria Guimaraes,Nacional,1864,0.6413110629995292,0.1363832613506393,0.2223056756498315,1.57,6.1,4.05,betano,betano,luckia,1.0,0.0,0.0,0.0,0.0,0,0.0,0.0,0.0,,,,,,,,,,,,,,,,0.0,0.0,0
21-01-2021,Eibar,Atl. Madrid,1869,0.1667540561122818,0.6272868933198343,0.2059590505678839,5.25,1.9,3.25,luckia,betano,luckia,0.0,1.0,0.0,0.0,0.15169725865120753,0,0.0,0.2882247914372943,0.0,,,,,,,,,,,,,,,,0.0,0.15169725865120753,0
21-01-2021,Flamengo RJ,Palmeiras,2105,0.4664524850658961,0.2513481853661247,0.2821993295679793,2.02,3.5,3.45,betano,luckia,luckia,1.0,0.0,0.0,0.0,0.0,0,0.0,0.0,0.0,,,,,,,,,,,,,,,,0.0,0.0,0
21-01-2021,Fortaleza,Santos,2105,0.5266497851269075,0.2002363069487972,0.2731139079242952,1.98,4.2,3.1,betano,betano,luckia,1.0,0.0,0.0,0.0,0.0,0,0.0,0.0,0.0,,,,,,,,,,,,,,,,0.0,0.0,0
21-01-2021,Goias,Ceara,2105,0.3745750362219955,0.3361053419458557,0.2893196218321488,3.2,2.22,3.2,luckia,betano,betano,0.0,1.0,0.0,0.013819003590817225,0.0,0,0.0,0.0,0.0,,,,,,,,,,,,,,,,0.013819003590817225,0.0,0
28-01-2021,Sparta Rotterdam,Twente,1849,0.4069396399426634,0.280273480593239,0.3127868794640977,2.25,2.8,3.5,luckia,luckia,betano,0.0,0.0,1.0,0.0,0.0,0,0.0,0.0,0.0,,,,,,,,,,,,,,,,0.0,0.0,0
28-01-2021,Cercle Brugge KSV,Club Brugge KV,1832,0.1175389629206165,0.7276861965821239,0.1547748404972597,7.75,1.4,4.9,luckia,betano,luckia,0.0,1.0,0.0,0.0,0.0023144006068593903,0,0.0,0.0032401608496031463,0.0,,,,,,,,,,,,,,,,0.0,0.0023144006068593903,0
28-01-2021,Sion,Basel,1879,0.2345008783929567,0.5183448679823177,0.2471542536247255,3.3,1.83,3.0,betano,betano,betano,0.0,1.0,0.0,0.0,0.0,0,0.0,0.0,0.0,,,,,,,,,,,,,,,,0.0,0.0,0
28-01-2021,St. Pauli,Bochum,1846,0.2971308137284263,0.4020930487966329,0.3007761374749408,2.9,2.25,3.5,luckia,luckia,betano,0.0,1.0,0.0,0.0,0.0,0,0.0,0.0,0.0,,,,,,,,,,,,,,,,0.0,0.0,0
28-01-2021,Ajax,Willem II,1849,0.8735735947803629,0.03776405269142705,0.08866235252821016,1.1,16.0,11.0,betano,luckia,luckia,1.0,0.0,0.0,0.0,0.0,0,0.0,0.0,0.0,,,,,,,,,,,,,,,,0.0,0.0,0
28-01-2021,Tottenham,Liverpool,2411,0.2430702453933303,0.4958157577903834,0.2611139968162863,3.11,2.33,4.01,betano,betano,betano,0.0,1.0,0.0,0.0,0.03814087763192797,0,0.0,0.08886824488239217,0.0,,,,,,,,,,,,,,,,0.0,0.03814087763192797,0
28-01-2021,Oostende,St. Liege,1832,0.2977396757244044,0.4065680215880721,0.2956923026875235,2.72,2.45,3.3,betano,luckia,luckia,0.0,0.0,1.0,0.0,0.0,0,0.0,0.0,0.0,,,,,,,,,,,,,,,,0.0,0.0,0
28-01-2021,Bahia,Corinthians,2105,0.5116960136352824,0.2113756939063857,0.2769282924583319,2.25,3.2,3.3,luckia,betano,luckia,1.0,0.0,0.0,0.04304815824022434,0.0,0,0.09685835604050477,0.0,0.0,,,,,,,,,,,,,,,,0.04304815824022434,0.0,0
28-01-2021,Gremio,Flamengo RJ,2105,0.3521275997662414,0.3470550696436051,0.3008173305901535,2.9,2.37,3.3,betano,betano,luckia,0.0,1.0,0.0,0.0,0.0,0,0.0,0.0,0.0,,,,,,,,,,,,,,,,0.0,0.0,0
29-01-2021,Yeni Malatyaspor,Karagumruk,1882,0.3939392004071282,0.2883860771923469,0.3176747224005249,2.18,2.85,3.5,betano,betano,betano,0.0,0.0,1.0,0.0,0.0,0,0.0,0.0,0.0,,,,,,,,,,,,,,,,0.0,0.0,0
29-01-2021,Gaziantep,Galatasaray,1882,0.2299422722638156,0.5212639130111403,0.2487938147250442,3.8,1.87,3.65,betano,betano,luckia,0.0,1.0,0.0,0.0,0.0,0,0.0,0.0,0.0,,,,,,,,,,,,,,,,0.0,0.0,0
29-01-2021,Greuther Furth,Aue,1846,0.5872393024899534,0.1623870942511361,0.2503736032589106,1.52,5.3,3.95,betano,betano,betano,1.0,0.0,0.0,0.0,0.0,0,0.0,0.0,0.0,,,,,,,,,,,,,,,,0.0,0.0,0
29-01-2021,Wurzburger Kickers,Dusseldorf,1846,0.2073650164299158,0.5601618159506145,0.2324731676194698,4.35,1.72,3.7,luckia,betano,luckia,1.0,0.0,0.0,0.0,0.0,0,0.0,0.0,0.0,,,,,,,,,,,,,,,,0.0,0.0,0
29-01-2021,Colchester,Scunthorpe,2414,0.3745329210806855,0.3040799645255843,0.3213871143937301,1.001,1.001,1.001,,,,0.0,1.0,0.0,0.0,0.0,0,0.0,0.0,0.0,,,,,,,,,,,,,,,,0.0,0.0,0
29-01-2021,Stuttgart,Mainz,1845,0.5951846048603248,0.159407062378865,0.2454083327608101,1.62,5.6,4.2,betano,betano,luckia,1.0,0.0,0.0,0.0,0.0,0,0.0,0.0,0.0,,,,,,,,,,,,,,,,0.0,0.0,0
29-01-2021,Antwerp,Waasland-Beveren,1832,0.672280444200788,0.1218764734159409,0.205843082383271,1.55,6.25,4.05,betano,luckia,luckia,1.0,0.0,0.0,0.013841497074043474,0.0,0,0.021454320464767387,0.0,0.0,,,,,,,,,,,,,,,,0.013841497074043474,0.0,0
29-01-2021,Torino,Fiorentina,1854,0.2846720429687361,0.4240958033939363,0.2912321536373276,2.77,2.75,3.15,betano,betano,betano,0.0,0.0,1.0,0.0,0.015957048280407726,0,0.0,0.0,0.0,,,,,,,,,,,,,,,,0.0,0.015957048280407726,0
29-01-2021,Reading,Bournemouth,2412,0.2425504815157155,0.49216644675628,0.2652830717280045,3.35,2.15,3.3,luckia,betano,luckia,1.0,0.0,0.0,0.0,0.0,0,0.0,0.0,0.0,,,,,,,,,,,,,,,,0.0,0.0,0
29-01-2021,Valladolid,Huesca,1869,0.3686132024500489,0.3212829733008096,0.3101038242491414,2.1,3.85,3.05,luckia,luckia,luckia,0.0,1.0,0.0,0.0,0.010877941570755945,0,0.0,0.04188007504741039,0.0,,,,,,,,,,,,,,,,0.0,0.010877941570755945,0
29-01-2021,Lyon,Bordeaux,1843,0.6667633811649984,0.1239264119168349,0.2093102069181667,1.44,7.2,5.0,betano,betano,betano,1.0,0.0,0.0,0.0,0.0,0,0.0,0.0,0.0,,,,,,,,,,,,,,,,0.0,0.0,0
29-01-2021,Zaragoza,Ponferradina,1871,0.5291929556698034,0.1967927696223714,0.2740142747078252,1.75,4.9,3.2,betano,luckia,luckia,1.0,0.0,0.0,0.0,0.0,0,0.0,0.0,0.0,,,,,,,,,,,,,,,,0.0,0.0,0
30-01-2021,Kasimpasa,Kayserispor,1882,0.4475459051655944,0.2486223688781191,0.3038317259562863,1.82,3.7,3.55,,,,0.0,1.0,0.0,0.0,0.0,0,0.0,0.0,0.0,,,,,,,,,,,,,,,,0.0,0.0,0
30-01-2021,Brisbane Roar,Adelaide United,1948,0.5887547288057252,0.1666849486225306,0.2445603225717441,1.98,3.65,3.35,,,,1.0,0.0,0.0,0.09953434008798345,0.0,0,0.19707799337420723,0.0,0.0,,,,,,,,,,,,,,,,0.09953434008798345,0.0,0
30-01-2021,Regensburg,Darmstadt,1846,0.3370660713801578,0.3421835095883295,0.3207504190315127,2.6,2.6,3.2,luckia,luckia,luckia,0.0,0.0,1.0,0.0,0.0,0,0.0,0.0,0.0,,,,,,,,,,,,,,,,0.0,0.0,0
30-01-2021,Hamburger SV,Paderborn,1846,0.3854401417275347,0.3070797883497902,0.3074800699226751,1.83,3.95,3.45,luckia,luckia,luckia,1.0,0.0,0.0,0.0,0.000632537323150717,0,0.0,0.0,0.0,,,,,,,,,,,,,,,,0.0,0.000632537323150717,0
30-01-2021,Holstein Kiel,Braunschweig,1846,0.4673748016410133,0.2371358364612011,0.2954893618977856,1.72,4.65,3.6,betano,luckia,luckia,1.0,0.0,0.0,0.0,0.0,0,0.0,0.0,0.0,,,,,,,,,,,,,,,,0.0,0.0,0
30-01-2021,Everton,Newcastle,2411,0.5807719866504345,0.1654565767922967,0.2537714365572687,1.57,5.5,3.85,betano,betano,betano,0.0,1.0,0.0,0.0,0.0,0,0.0,0.0,0.0,,,,,,,,,,,,,,,,0.0,0.0,0
30-01-2021,Norwich,Middlesbrough,2412,0.4590220625163174,0.2509797265564083,0.2899982109272742,1.7,4.35,3.5,betano,betano,betano,0.0,0.0,1.0,0.0,0.0,0,0.0,0.0,0.0,,,,,,,,,,,,,,,,0.0,0.0,0
30-01-2021,Alanyaspor,Sivasspor,1882,0.4586510313567507,0.2396468780458938,0.3017020905973555,1.86,4.05,3.4,luckia,luckia,betano,1.0,0.0,0.0,0.0,0.0,0,0.0,0.0,0.0,,,,,,,,,,,,,,,,0.0,0.0,0
30-01-2021,Basaksehir,Hatayspor,1882,0.4633348190688243,0.2355419730849254,0.3011232078462504,1.95,3.75,3.35,luckia,luckia,betano,0.0,1.0,0.0,0.0,0.0,0,0.0,0.0,0.0,,,,,,,,,,,,,,,,0.0,0.0,0
30-01-2021,Eibar,Sevilla,1869,0.2145317572329554,0.5385520935302126,0.2469161492368319,4.05,2.0,3.3,betano,betano,betano,0.0,1.0,0.0,0.0,0.0,0,0.0,0.0,0.0,,,,,,,,,,,,,,,,0.0,0.0,0
30-01-2021,Empoli,Frosinone,1856,0.4260556162071761,0.2781726551492043,0.2957717286436195,1.75,4.3,3.4,betano,betano,betano,1.0,0.0,0.0,0.0,0.0,0,0.0,0.0,0.0,,,,,,,,,,,,,,,,0.0,0.0,0
30-01-2021,Entella,Cosenza,1856,0.3210984795271993,0.3688052108340595,0.3100963096387412,2.4,2.7,3.2,betano,betano,betano,0.0,1.0,0.0,0.0,0.0,0,0.0,0.0,0.0,,,,,,,,,,,,,,,,0.0,0.0,0
30-01-2021,Sunderland,Gillingham,2413,0.5696351738237619,0.172463626262032,0.257901199914206,1.64,5.25,3.45,luckia,luckia,luckia,0.0,0.0,1.0,0.0,0.0,0,0.0,0.0,0.0,,,,,,,,,,,,,,,,0.0,0.0,0
30-01-2021,Carlisle,Exeter,2414,0.4039932720373133,0.2822916433752302,0.3137150845874565,1.001,1.001,1.001,,,,1.0,0.0,0.0,0.0,0.0,0,0.0,0.0,0.0,,,,,,,,,,,,,,,,0.0,0.0,0
30-01-2021,Ascoli,Brescia,1856,0.3083616383250825,0.3869388340984047,0.3046995275765128,2.82,2.45,2.95,betano,betano,betano,1.0,0.0,0.0,0.0,0.0,0,0.0,0.0,0.0,,,,,,,,,,,,,,,,0.0,0.0,0
30-01-2021,Pordenone,Lecce,1856,0.3156630389023127,0.371979454209321,0.3123575068883663,2.6,2.42,3.35,betano,betano,betano,0.0,0.0,1.0,0.0,0.0,0,0.0,0.0,0.0,,,,,,,,,,,,,,,,0.0,0.0,0
30-01-2021,Bologna,AC Milan,1854,0.1807005037501947,0.6052347313844783,0.2140647648653271,3.9,1.9,3.85,luckia,betano,betano,0.0,1.0,0.0,0.0,0.09856408988664317,0,0.0,0.187271770784622,0.0,,,,,,,,,,,,,,,,0.0,0.09856408988664317,0
30-01-2021,Toulouse,Clermont,1844,0.264864368655851,0.4592864535253595,0.2758491778187896,2.9,2.3,3.25,luckia,luckia,luckia,1.0,0.0,0.0,0.0,0.0,0,0.0,0.0,0.0,,,,,,,,,,,,,,,,0.0,0.0,0
30-01-2021,Troyes,Auxerre,1844,0.3521685779707492,0.3333315967468687,0.3144998252823821,1.95,3.6,3.4,luckia,luckia,luckia,1.0,0.0,0.0,0.0,0.002939178624599803,0,0.0,0.0,0.0,,,,,,,,,,,,,,,,0.0,0.002939178624599803,0
30-01-2021,Dortmund,Augsburg,1845,0.7178355342180553,0.1006681174335362,0.1814963483484084,1.24,13.0,6.75,betano,betano,luckia,1.0,0.0,0.0,0.0,0.0,0,0.0,0.0,0.0,,,,,,,,,,,,,,,,0.0,0.0,0
30-01-2021,Eintracht Frankfurt,Hertha Berlin,1845,0.430927068397286,0.2701145890016889,0.2989583426010249,1.78,4.75,3.8,betano,betano,luckia,1.0,0.0,0.0,0.0,0.008735372449659329,0,0.0,0.0,0.0,,,,,,,,,,,,,,,,0.0,0.008735372449659329,0
30-01-2021,Union Berlin,B. Monchengladbach,1845,0.2386532273854664,0.4996373768345093,0.2617093957800242,3.3,2.2,3.5,luckia,luckia,betano,0.0,0.0,1.0,0.0,0.0010793486130953323,0,0.0,0.0,0.0,,,,,,,,,,,,,,,,0.0,0.0010793486130953323,0
30-01-2021,Bayern Munich,Hoffenheim,1845,0.7289794177069524,0.09574257877020162,0.175278003522846,1.25,10.25,7.0,betano,betano,luckia,1.0,0.0,0.0,0.0,0.0,0,0.0,0.0,0.0,,,,,,,,,,,,,,,,0.0,0.0,0
30-01-2021,Werder Bremen,Schalke,1845,0.3899186289025566,0.2976582933583771,0.3124230777390663,2.05,3.7,3.5,luckia,betano,betano,0.0,0.0,1.0,0.0,0.0,0,0.0,0.0,0.0,,,,,,,,,,,,,,,,0.0,0.0,0
30-01-2021,Sheffield Wed,Preston,2412,0.2868258840172049,0.4118514419955916,0.3013226739872036,2.9,2.5,3.1,luckia,luckia,betano,1.0,0.0,0.0,0.0,0.0,0,0.0,0.0,0.0,,,,,,,,,,,,,,,,0.0,0.0,0
30-01-2021,Forest Green,Cheltenham,2414,0.3145527744286037,0.3706345698115043,0.3148126557598919,1.001,1.001,1.001,,,,0.0,0.0,1.0,0.0,0.0,0,0.0,0.0,0.0,,,,,,,,,,,,,,,,0.0,0.0,0
30-01-2021,Manchester City,Sheffield Utd,2411,0.8086370681465277,0.06226693421338254,0.1290959976400897,1.15,22.0,7.75,luckia,betano,luckia,1.0,0.0,0.0,0.0,0.0,0,0.0,0.0,0.0,,,,,,,,,,,,,,,,0.0,0.0,0
30-01-2021,Northampton,Wigan,2413,0.4018017481603344,0.2883345236455219,0.3098637281941438,2.07,2.9,2.85,betano,betano,betano,,,,0.0,0.0,0,0.0,0.0,0.0,,,,,,,,,,,,,,,,0.0,0.0,0
30-01-2021,AFC Wimbledon,MK Dons,2413,0.2666195858679337,0.4650099803361781,0.2683704337958882,3.45,2.05,3.25,luckia,luckia,luckia,0.0,1.0,0.0,0.0,0.0,0,0.0,0.0,0.0,,,,,,,,,,,,,,,,0.0,0.0,0
30-01-2021,Hull,Swindon,2413,0.7141924950942785,0.1036245993554554,0.182182905550266,1.35,7.25,4.75,luckia,luckia,luckia,1.0,0.0,0.0,0.0,0.0,0,0.0,0.0,0.0,,,,,,,,,,,,,,,,0.0,0.0,0
30-01-2021,Cambridge Utd,Crawley,2414,0.343987239296219,0.3351617587869137,0.3208510019168673,1.001,1.001,1.001,,,,1.0,0.0,0.0,0.0,0.0,0,0.0,0.0,0.0,,,,,,,,,,,,,,,,0.0,0.0,0
30-01-2021,Oldham,Salford,2414,0.3022202860404123,0.3917225605956834,0.3060571533639043,1.001,1.001,1.001,,,,1.0,0.0,0.0,0.0,0.0,0,0.0,0.0,0.0,,,,,,,,,,,,,,,,0.0,0.0,0
30-01-2021,Lincoln,Doncaster,2413,0.4248248807601773,0.2679646968405262,0.3072104223992965,1.95,3.65,3.25,luckia,luckia,luckia,0.0,1.0,0.0,0.0,0.0,0,0.0,0.0,0.0,,,,,,,,,,,,,,,,0.0,0.0,0
30-01-2021,Morecambe,Tranmere,2414,0.3684505517794355,0.310892509548324,0.3206569386722405,1.001,1.001,1.001,,,,0.0,1.0,0.0,0.0,0.0,0,0.0,0.0,0.0,,,,,,,,,,,,,,,,0.0,0.0,0
30-01-2021,Grimsby,Stevenage,2414,0.3312800580711572,0.349798736069702,0.3189212058591409,1.001,1.001,1.001,,,,0.0,1.0,0.0,0.0,0.0,0,0.0,0.0,0.0,,,,,,,,,,,,,,,,0.0,0.0,0
30-01-2021,Port Vale,Southend,2414,0.5227152599937963,0.1989595803369004,0.2783251596693034,1.001,1.001,1.001,,,,1.0,0.0,0.0,0.0,0.0,0,0.0,0.0,0.0,,,,,,,,,,,,,,,,0.0,0.0,0
30-01-2021,Bristol Rovers,Rochdale,2413,0.480113014921178,0.2301992790875275,0.2896877059912945,1.95,3.4,3.65,luckia,luckia,luckia,0.0,1.0,0.0,0.0,0.0,0,0.0,0.0,0.0,,,,,,,,,,,,,,,,0.0,0.0,0
30-01-2021,Rotherham,Swansea,2412,0.2602847829133724,0.4553298917441314,0.2843853253424961,3.2,2.25,3.15,luckia,luckia,betano,0.0,1.0,0.0,0.0,0.0,0,0.0,0.0,0.0,,,,,,,,,,,,,,,,0.0,0.0,0
30-01-2021,Shrewsbury,Peterborough,2413,0.2837052212150631,0.4221094348462852,0.2941853439386517,3.1,2.3,3.0,luckia,luckia,luckia,1.0,0.0,0.0,0.0,0.0,0,0.0,0.0,0.0,,,,,,,,,,,,,,,,0.0,0.0,0
30-01-2021,Charlton,Portsmouth,2413,0.322363790328243,0.3674737564932747,0.3101624531784823,2.75,2.35,3.35,luckia,luckia,luckia,,,,0.0,0.0,0,0.0,0.0,0.0,,,,,,,,,,,,,,,,0.0,0.0,0
30-01-2021,Walsall,Mansfield,2414,0.3331976274064529,0.348501591561949,0.318300781031598,1.001,1.001,1.001,,,,,,,0.0,0.0,0,0.0,0.0,0.0,,,,,,,,,,,,,,,,0.0,0.0,0
30-01-2021,Crystal Palace,Wolves,2411,0.2883354082075389,0.4086161504393504,0.3030484413531107,2.92,2.65,3.15,betano,luckia,betano,1.0,0.0,0.0,0.0,0.0,0,0.0,0.0,0.0,,,,,,,,,,,,,,,,0.0,0.0,0
30-01-2021,Birmingham,Coventry,2412,0.2806014368467734,0.4190700754142967,0.3003284877389298,2.9,2.65,2.85,luckia,luckia,luckia,0.0,0.0,1.0,0.0,0.0,0,0.0,0.0,0.0,,,,,,,,,,,,,,,,0.0,0.0,0
30-01-2021,Oxford Utd,Fleetwood,2413,0.4303726375833045,0.2618460079658561,0.3077813544508394,2.1,3.55,3.05,luckia,luckia,luckia,1.0,0.0,0.0,0.0,0.0,0,0.0,0.0,0.0,,,,,,,,,,,,,,,,0.0,0.0,0
30-01-2021,Derby,Bristol City,2412,0.4410570125663175,0.2617141672152782,0.2972288202184043,1.85,4.4,3.25,betano,luckia,luckia,1.0,0.0,0.0,0.0,0.0,0,0.0,0.0,0.0,,,,,,,,,,,,,,,,0.0,0.0,0
30-01-2021,Bolton,Leyton Orient,2414,0.4415898565756989,0.2510951996040188,0.3073149438202823,1.001,1.001,1.001,,,,1.0,0.0,0.0,0.0,0.0,0,0.0,0.0,0.0,,,,,,,,,,,,,,,,0.0,0.0,0
30-01-2021,West Brom,Fulham,2411,0.2563943875264738,0.465213643313649,0.2783919691598772,3.4,2.25,3.25,luckia,luckia,betano,0.0,0.0,1.0,0.0,0.0,0,0.0,0.0,0.0,,,,,,,,,,,,,,,,0.0,0.0,0
30-01-2021,Cardiff,Millwall,2412,0.3523822277153928,0.3348631185274731,0.312754653757134,2.35,3.25,2.95,luckia,luckia,luckia,0.0,0.0,1.0,0.0,0.0,0,0.0,0.0,0.0,,,,,,,,,,,,,,,,0.0,0.0,0
30-01-2021,Brentford,Wycombe,2412,0.7094775399892793,0.1043964544523937,0.186126005558327,1.33,9.0,5.5,betano,luckia,luckia,1.0,0.0,0.0,0.0,0.0,0,0.0,0.0,0.0,,,,,,,,,,,,,,,,0.0,0.0,0
30-01-2021,Blackburn,Luton,2412,0.4721858117699921,0.2376046629225571,0.2902095253074507,1.83,4.45,3.4,luckia,luckia,betano,1.0,0.0,0.0,0.0,0.0,0,0.0,0.0,0.0,,,,,,,,,,,,,,,,0.0,0.0,0
30-01-2021,Plymouth,Accrington,2413,0.3990212028519578,0.2884356789488584,0.3125431181991839,2.25,2.8,3.5,luckia,luckia,luckia,0.0,0.0,1.0,0.0,0.0,0,0.0,0.0,0.0,,,,,,,,,,,,,,,,0.0,0.0,0
30-01-2021,Crewe,Ipswich,2413,0.4287235787552389,0.2638887614840508,0.3073876597607103,2.15,3.2,3.2,luckia,luckia,luckia,0.0,0.0,1.0,0.0,0.0,0,0.0,0.0,0.0,,,,,,,,,,,,,,,,0.0,0.0,0
30-01-2021,Bradford City,Barrow,2414,0.3927137650562571,0.288447312733931,0.3188389222098118,1.001,1.001,1.001,,,,1.0,0.0,0.0,0.0,0.0,0,0.0,0.0,0.0,,,,,,,,,,,,,,,,0.0,0.0,0
30-01-2021,Pisa,Reggiana,1856,0.5010051663563655,0.217319746644566,0.2816750869990686,1.87,3.75,3.4,betano,betano,betano,1.0,0.0,0.0,0.0,0.0,0,0.0,0.0,0.0,,,,,,,,,,,,,,,,0.0,0.0,0
30-01-2021,Dundee Utd,Hibernian,2417,0.2185046016501418,0.5429104323504708,0.2385849659993874,4.55,1.68,3.6,luckia,luckia,luckia,0.0,1.0,0.0,0.0,0.0,0,0.0,0.0,0.0,,,,,,,,,,,,,,,,0.0,0.0,0
30-01-2021,Nottingham,Barnsley,2412,0.3176001467931925,0.3734160973975404,0.3089837558092671,2.45,2.95,3.1,luckia,luckia,luckia,0.0,0.0,1.0,0.0,0.0,0,0.0,0.0,0.0,,,,,,,,,,,,,,,,0.0,0.0,0
30-01-2021,R. Oviedo,Albacete,1871,0.5774906078729674,0.1673463108945261,0.2551630812325065,1.65,5.5,3.4,betano,luckia,luckia,0.0,1.0,0.0,0.0,0.0,0,0.0,0.0,0.0,,,,,,,,,,,,,,,,0.0,0.0,0
30-01-2021,Huddersfield,Stoke,2412,0.2704166288497635,0.4372929117226496,0.2922904594275869,3.15,2.35,3.1,luckia,luckia,betano,0.0,0.0,1.0,0.0,0.0,0,0.0,0.0,0.0,,,,,,,,,,,,,,,,0.0,0.0,0
30-01-2021,Livingston,Aberdeen,2417,0.327863038535223,0.3562479491270537,0.3158890123377234,2.6,2.85,2.9,luckia,luckia,luckia,0.0,0.0,1.0,0.0,0.0,0,0.0,0.0,0.0,,,,,,,,,,,,,,,,0.0,0.0,0
30-01-2021,Celtic,St. Mirren,2417,0.729736487735189,0.09540071318087906,0.1748627990839321,1.3,8.0,5.25,betano,luckia,luckia,0.0,1.0,0.0,0.0,0.0,0,0.0,0.0,0.0,,,,,,,,,,,,,,,,0.0,0.0,0
30-01-2021,Kilmarnock,St Johnstone,2417,0.2473831557339549,0.4876890565113005,0.2649277877547446,4.35,1.83,3.15,luckia,luckia,luckia,0.0,1.0,0.0,0.0,0.0,0,0.0,0.0,0.0,,,,,,,,,,,,,,,,0.0,0.0,0
30-01-2021,KV Mechelen,Genk,1832,0.4477231031437073,0.2590618987580612,0.2932149980982315,2.15,3.1,3.55,betano,luckia,betano,0.0,0.0,1.0,0.0,0.0,0,0.0,0.0,0.0,,,,,,,,,,,,,,,,0.0,0.0,0
30-01-2021,Real Madrid,Levante,1869,0.6792933870825372,0.118194527353059,0.2025120855644037,1.39,7.5,5.75,betano,luckia,luckia,0.0,1.0,0.0,0.0,0.0,0,0.0,0.0,0.0,,,,,,,,,,,,,,,,0.0,0.0,0
30-01-2021,Nacional,Famalicao,1864,0.2801533820602584,0.4296735199937763,0.2901730979459653,3.1,2.5,3.2,luckia,luckia,betano,1.0,0.0,0.0,0.0,0.0,0,0.0,0.0,0.0,,,,,,,,,,,,,,,,0.0,0.0,0
30-01-2021,Heracles,Groningen,1849,0.3694793671504409,0.3131027343849976,0.3174178984645616,2.37,2.92,3.2,betano,betano,luckia,1.0,0.0,0.0,0.0,0.0,0,0.0,0.0,0.0,,,,,,,,,,,,,,,,0.0,0.0,0
30-01-2021,Montpellier,Lens,1843,0.2931184926707279,0.4064172937229747,0.3004642136062974,3.1,2.3,3.25,luckia,luckia,betano,0.0,1.0,0.0,0.0,0.0,0,0.0,0.0,0.0,,,,,,,,,,,,,,,,0.0,0.0,0
30-01-2021,Ried,Admira,1827,0.3171736409015625,0.4120559813189953,0.2707703777794422,1.9,3.6,3.6,luckia,luckia,luckia,0.0,0.0,1.0,0.0,0.11534335811821822,0,0.0,0.0,0.0,,,,,,,,,,,,,,,,0.0,0.11534335811821822,0
30-01-2021,Hartberg,Salzburg,1827,0.05662976110570878,0.8559956137343218,0.08737462515996944,12.0,1.14,7.75,luckia,luckia,luckia,0.0,1.0,0.0,0.0,0.0,0,0.0,0.0,0.0,,,,,,,,,,,,,,,,0.0,0.0,0
30-01-2021,Altach,Sturm Graz,1827,0.1497440224745809,0.6647703537279229,0.1854856237974962,4.45,1.66,3.75,luckia,luckia,luckia,1.0,0.0,0.0,0.0,0.09796575819899633,0,0.0,0.0,0.0,,,,,,,,,,,,,,,,0.0,0.09796575819899633,0
30-01-2021,Fenerbahce,Rizespor,1882,0.6850564942710646,0.1159240270941341,0.1990194786348013,1.44,6.75,4.8,betano,luckia,luckia,1.0,0.0,0.0,0.0,0.0,0,0.0,0.0,0.0,,,,,,,,,,,,,,,,0.0,0.0,0
30-01-2021,Sampdoria,Juventus,1854,0.1118678850694411,0.7364047079267779,0.1517274070037809,7.0,1.47,4.6,betano,betano,luckia,0.0,1.0,0.0,0.0,0.14066994337273675,0,0.0,0.206784816757923,0.0,,,,,,,,,,,,,,,,0.0,0.14066994337273675,0
30-01-2021,Alcorcon,Malaga,1871,0.3508249586086717,0.3310289225576661,0.3181461188336621,2.25,3.5,2.8,luckia,luckia,luckia,0.0,1.0,0.0,0.0,0.0,0,0.0,0.0,0.0,,,,,,,,,,,,,,,,0.0,0.0,0
30-01-2021,Arsenal,Manchester Utd,2411,0.2818861007865687,0.4230409244613148,0.2950729747521166,3.02,2.57,3.57,betano,betano,betano,0.0,0.0,1.0,0.0,0.0,0,0.0,0.0,0.0,,,,,,,,,,,,,,,,0.0,0.0,0
30-01-2021,Valencia,Elche,1869,0.5643763790103132,0.176966042546253,0.2586575784434337,1.7,5.75,3.65,betano,luckia,betano,1.0,0.0,0.0,0.0,0.0,0,0.0,0.0,0.0,,,,,,,,,,,,,,,,0.0,0.0,0
30-01-2021,RB Leipzig,Bayer Leverkusen,1845,0.3515046424685793,0.3429950125698112,0.3055003449616094,1.95,3.9,3.85,luckia,luckia,betano,1.0,0.0,0.0,0.0,0.04473580253420906,0,0.0,0.0,0.0,,,,,,,,,,,,,,,,0.0,0.04473580253420906,0
30-01-2021,Eupen,Mouscron,1832,0.4387879437765562,0.258873688749941,0.3023383674735027,2.02,3.4,3.45,betano,betano,luckia,0.0,0.0,1.0,0.0,0.0,0,0.0,0.0,0.0,,,,,,,,,,,,,,,,0.0,0.0,0
30-01-2021,Leuven,Beerschot VA,1832,0.3983423083891148,0.3103448064977239,0.2913128851131613,2.25,2.95,3.35,luckia,luckia,luckia,0.0,1.0,0.0,0.0,0.0,0,0.0,0.0,0.0,,,,,,,,,,,,,,,,0.0,0.0,0
30-01-2021,Utrecht,Zwolle,1849,0.6537799465450079,0.1300649472611025,0.2161551061938894,1.55,6.0,3.95,betano,luckia,luckia,0.0,0.0,1.0,0.0,0.0,0,0.0,0.0,0.0,,,,,,,,,,,,,,,,0.0,0.0,0
30-01-2021,Guingamp,Pau FC,1844,0.5049638537300429,0.209713630743557,0.2853225155264001,1.8,4.35,3.35,luckia,luckia,luckia,0.0,1.0,0.0,0.0,0.0,0,0.0,0.0,0.0,,,,,,,,,,,,,,,,0.0,0.0,0
30-01-2021,AC Ajaccio,Grenoble,1844,0.3441317282356318,0.3367369235064604,0.3191313482579077,2.45,3.0,2.9,luckia,luckia,luckia,1.0,0.0,0.0,0.0,0.0,0,0.0,0.0,0.0,,,,,,,,,,,,,,,,0.0,0.0,0
30-01-2021,Nancy,Paris FC,1844,0.30308376111806,0.3998177664751172,0.2970984724068229,2.95,2.45,2.95,luckia,luckia,luckia,0.0,0.0,1.0,0.0,0.0,0,0.0,0.0,0.0,,,,,,,,,,,,,,,,0.0,0.0,0
30-01-2021,Niort,Le Havre,1844,0.3196596552459703,0.3691836246799358,0.3111567200740938,2.85,2.5,2.95,luckia,luckia,luckia,0.0,0.0,1.0,0.0,0.0,0,0.0,0.0,0.0,,,,,,,,,,,,,,,,0.0,0.0,0
30-01-2021,Rodez,Sochaux,1844,0.3084258059342973,0.3851802294392547,0.3063939646264481,2.9,2.55,2.85,luckia,luckia,luckia,0.0,0.0,1.0,0.0,0.0,0,0.0,0.0,0.0,,,,,,,,,,,,,,,,0.0,0.0,0
30-01-2021,Amiens,Chateauroux,1844,0.5003389667146143,0.2129777816570442,0.2866832516283416,1.8,4.5,3.25,luckia,luckia,luckia,1.0,0.0,0.0,0.0,0.0,0,0.0,0.0,0.0,,,,,,,,,,,,,,,,0.0,0.0,0
30-01-2021,Valenciennes,Dunkerque,1844,0.4416225665937645,0.2522394654574803,0.3061379679487553,2.0,3.75,3.1,luckia,luckia,luckia,1.0,0.0,0.0,0.0,0.0,0,0.0,0.0,0.0,,,,,,,,,,,,,,,,0.0,0.0,0
30-01-2021,Tondela,SC Farense,1864,0.3135368130708198,0.3858748797003231,0.3005883072288572,2.52,2.9,3.3,betano,betano,luckia,1.0,0.0,0.0,0.0,0.0,0,0.0,0.0,0.0,,,,,,,,,,,,,,,,0.0,0.0,0
30-01-2021,Chambly,Caen,1844,0.3179597327856992,0.3798141376265311,0.3022261295877697,2.7,2.75,2.85,luckia,luckia,luckia,1.0,0.0,0.0,0.0,0.0,0,0.0,0.0,0.0,,,,,,,,,,,,,,,,0.0,0.0,0
30-01-2021,Sittard,Venlo,1849,0.5383219952605374,0.1914786571392465,0.2701993476002161,1.95,3.45,3.65,betano,luckia,luckia,1.0,0.0,0.0,0.0,0.0,0,0.0,0.0,0.0,,,,,,,,,,,,,,,,0.0,0.0,0
30-01-2021,St. Gallen,Zurich,1879,0.4350097868960639,0.2640560387016004,0.3009341744023358,1.9,3.0,3.15,betano,betano,betano,0.0,1.0,0.0,0.0,0.0,0,0.0,0.0,0.0,,,,,,,,,,,,,,,,0.0,0.0,0
30-01-2021,Mallorca,Girona,1871,0.4097564025080661,0.2860683462814601,0.304175251210474,1.93,4.25,3.05,betano,luckia,luckia,1.0,0.0,0.0,0.0,0.0,0,0.0,0.0,0.0,,,,,,,,,,,,,,,,0.0,0.0,0
30-01-2021,Inter,Benevento,1854,0.807946994203664,0.0625990015406016,0.1294540042557344,1.19,15.5,7.75,betano,betano,luckia,1.0,0.0,0.0,0.0,0.0,0,0.0,0.0,0.0,,,,,,,,,,,,,,,,0.0,0.0,0
30-01-2021,Kortrijk,Charleroi,1832,0.319103971884539,0.381433570537102,0.299462457578359,2.57,2.6,3.4,betano,betano,luckia,0.0,1.0,0.0,0.0,0.0,0,0.0,0.0,0.0,,,,,,,,,,,,,,,,0.0,0.0,0
30-01-2021,Marseille,Rennes,1843,0.3454698825660735,0.341054974974279,0.3134751424596475,2.7,2.65,3.1,betano,luckia,luckia,,,,0.0,0.0,0,0.0,0.0,0.0,,,,,,,,,,,,,,,,0.0,0.0,0
30-01-2021,Villarreal,Real Sociedad,1869,0.3211927240247353,0.3743532055130307,0.3044540704622339,2.45,3.15,3.05,betano,betano,luckia,0.0,0.0,1.0,0.0,0.006316421492955526,0,0.0,0.0,0.0,,,,,,,,,,,,,,,,0.0,0.006316421492955526,0
30-01-2021,Southampton,Aston Villa,2411,0.2694769996163638,0.4468815142636993,0.2836414861199369,3.05,2.3,3.6,betano,luckia,luckia,0.0,1.0,0.0,0.0,0.0,0,0.0,0.0,0.0,,,,,,,,,,,,,,,,0.0,0.0,0
30-01-2021,Almeria,Castellon,1871,0.5864098238837552,0.1634155242325902,0.2501746518836546,1.7,5.5,3.4,betano,luckia,luckia,1.0,0.0,0.0,0.0,0.0,0,0.0,0.0,0.0,,,,,,,,,,,,,,,,0.0,0.0,0
30-01-2021,Vitesse,Waalwijk,1849,0.7352752476933855,0.09303382062130862,0.1716909316853059,1.34,8.0,5.25,betano,betano,luckia,0.0,0.0,1.0,0.0,0.0,0,0.0,0.0,0.0,,,,,,,,,,,,,,,,0.0,0.0,0
30-01-2021,Portimonense,Boavista,1864,0.3708667523014706,0.3207542964941968,0.3083789512043324,2.37,3.4,3.15,betano,luckia,betano,0.0,1.0,0.0,0.0,0.0,0,0.0,0.0,0.0,,,,,,,,,,,,,,,,0.0,0.0,0
31-01-2021,Erzurum BB,Ankaragucu,1882,0.3533018982407544,0.3259532444817431,0.3207448572775023,2.3,2.77,3.3,betano,betano,betano,1.0,0.0,0.0,0.0,0.0,0,0.0,0.0,0.0,,,,,,,,,,,,,,,,0.0,0.0,0
31-01-2021,Twente,Heerenveen,1849,0.4308270393743214,0.2628272561147801,0.3063457045108985,2.1,3.0,3.5,betano,betano,betano,0.0,0.0,1.0,0.0,0.0,0,0.0,0.0,0.0,,,,,,,,,,,,,,,,0.0,0.0,0
31-01-2021,Spezia,Udinese,1854,0.2131142554453599,0.5466424522448323,0.2402432923098078,3.75,1.93,3.4,betano,betano,betano,0.0,1.0,0.0,0.0,0.0,0,0.0,0.0,0.0,,,,,,,,,,,,,,,,0.0,0.0,0
31-01-2021,Chelsea,Burnley,2411,0.6775711581276774,0.1187795828298977,0.2036492590424249,1.31,9.25,4.75,betano,betano,betano,1.0,0.0,0.0,0.0,0.0,0,0.0,0.0,0.0,,,,,,,,,,,,,,,,0.0,0.0,0
31-01-2021,Nice,St Etienne,1843,0.3639008049483143,0.3162517508495848,0.319847444202101,2.27,3.1,3.15,betano,betano,betano,0.0,1.0,0.0,0.0,0.0,0,0.0,0.0,0.0,,,,,,,,,,,,,,,,0.0,0.0,0
31-01-2021,Sandhausen,Nurnberg,1846,0.3009312734798718,0.3965070335418238,0.3025616929783043,2.8,2.4,3.05,betano,betano,betano,1.0,0.0,0.0,0.0,0.0,0,0.0,0.0,0.0,,,,,,,,,,,,,,,,0.0,0.0,0
31-01-2021,Bochum,Karlsruher,1846,0.3678093979717835,0.3174050666135504,0.314785535414666,2.0,3.25,3.45,betano,betano,betano,0.0,1.0,0.0,0.0,0.0,0,0.0,0.0,0.0,,,,,,,,,,,,,,,,0.0,0.0,0
31-01-2021,Heidenheim,St. Pauli,1846,0.4549129832684137,0.2420400767885483,0.303046939943038,1.91,3.8,3.2,betano,betano,betano,0.0,1.0,0.0,0.0,0.0,0,0.0,0.0,0.0,,,,,,,,,,,,,,,,0.0,0.0,0
31-01-2021,Club Brugge KV,St. Liege,1832,0.5825219712125793,0.1657669886130042,0.2517110401744164,1.57,5.4,3.55,betano,betano,betano,1.0,0.0,0.0,0.0,0.0,0,0.0,0.0,0.0,,,,,,,,,,,,,,,,0.0,0.0,0
31-01-2021,Getafe,Alaves,1869,0.3899785472562954,0.2969206293182552,0.3131008234254493,2.07,3.9,2.92,betano,betano,betano,0.0,0.0,1.0,0.0,0.0,0,0.0,0.0,0.0,,,,,,,,,,,,,,,,0.0,0.0,0
31-01-2021,Denizlispor,Goztepe,1882,0.3129169662946432,0.3764774662793773,0.3106055674259795,2.6,2.47,3.2,betano,betano,betano,1.0,0.0,0.0,0.0,0.0,0,0.0,0.0,0.0,,,,,,,,,,,,,,,,0.0,0.0,0
31-01-2021,Genclerbirligi,Antalyaspor,1882,0.3113223594983036,0.3845311883977845,0.3041464521039119,2.7,2.37,3.3,betano,betano,betano,0.0,1.0,0.0,0.0,0.0,0,0.0,0.0,0.0,,,,,,,,,,,,,,,,0.0,0.0,0
31-01-2021,St. Polten,Wolfsberger AC,1827,0.1986815287223237,0.579353473397978,0.2219649978796983,2.95,1.9,3.15,betano,betano,betano,0.0,1.0,0.0,0.0,0.0367008149593957,0,0.0,0.06973154842285183,0.0,,,,,,,,,,,,,,,,0.0,0.0367008149593957,0
31-01-2021,Austria Vienna,Tirol,1827,0.2703210341575073,0.4478144527487116,0.2818645130937811,1.001,1.001,1.001,,,,0.0,0.0,1.0,0.0,0.0,0,0.0,0.0,0.0,,,,,,,,,,,,,,,,0.0,0.0,0
31-01-2021,Feyenoord,PSV,1849,0.3158472282312343,0.3770115671215931,0.3071412046471725,2.75,2.35,3.25,betano,betano,betano,1.0,0.0,0.0,0.0,0.0,0,0.0,0.0,0.0,,,,,,,,,,,,,,,,0.0,0.0,0
31-01-2021,Willem II,FC Emmen,1849,0.423135607640189,0.2795245045644166,0.2973398877953942,1.98,3.25,3.5,betano,betano,betano,1.0,0.0,0.0,0.0,0.0,0,0.0,0.0,0.0,,,,,,,,,,,,,,,,0.0,0.0,0
31-01-2021,Cagliari,Sassuolo,1854,0.2558029998165007,0.4838870044167233,0.2603099957667759,3.0,2.18,3.5,betano,betano,betano,0.0,0.0,1.0,0.0,0.0,0,0.0,0.0,0.0,,,,,,,,,,,,,,,,0.0,0.0,0
31-01-2021,Atalanta,Lazio,1854,0.4234946705375375,0.2883058596587685,0.288199469803694,1.75,4.0,3.8,betano,betano,betano,0.0,1.0,0.0,0.0,0.0,0,0.0,0.0,0.0,,,,,,,,,,,,,,,,0.0,0.0,0
31-01-2021,Angers,Nimes,1843,0.5425371571280179,0.1866724828141157,0.2707903600578664,1.65,5.3,3.55,betano,betano,betano,1.0,0.0,0.0,0.0,0.0,0,0.0,0.0,0.0,,,,,,,,,,,,,,,,0.0,0.0,0
31-01-2021,Lorient,Paris SG,1843,0.07268402076117894,0.8168751699016251,0.1104408093371959,14.0,1.17,6.4,betano,betano,betano,1.0,0.0,0.0,0.0,0.0,0,0.0,0.0,0.0,,,,,,,,,,,,,,,,0.0,0.0,0
31-01-2021,Strasbourg,Reims,1843,0.4210397011253887,0.267510405726084,0.3114498931485272,2.0,3.5,3.4,betano,betano,betano,0.0,1.0,0.0,0.0,0.0,0,0.0,0.0,0.0,,,,,,,,,,,,,,,,0.0,0.0,0
31-01-2021,Crotone,Genoa,1854,0.2772536144064843,0.4323034891109243,0.2904428964825914,2.9,2.47,3.05,betano,betano,betano,0.0,1.0,0.0,0.0,0.0,0,0.0,0.0,0.0,,,,,,,,,,,,,,,,0.0,0.0,0
31-01-2021,Leicester,Leeds,2411,0.4549615557560581,0.2556491885710271,0.2893892556729148,1.82,4.0,3.6,betano,betano,betano,0.0,1.0,0.0,0.0,0.0,0,0.0,0.0,0.0,,,,,,,,,,,,,,,,0.0,0.0,0
31-01-2021,Brest,Metz,1843,0.4004449025895738,0.2832990869178903,0.3162560104925359,2.12,3.45,3.15,betano,betano,betano,0.0,1.0,0.0,0.0,0.0,0,0.0,0.0,0.0,,,,,,,,,,,,,,,,0.0,0.0,0
31-01-2021,Chievo,Pescara,1856,0.5878025764125333,0.1637062487469826,0.2484911748404841,1.62,5.2,3.45,betano,betano,betano,1.0,0.0,0.0,0.0,0.0,0,0.0,0.0,0.0,,,,,,,,,,,,,,,,0.0,0.0,0
31-01-2021,FC Koln,Arminia Bielefeld,1845,0.331364729295852,0.3560239894851636,0.3126112812189843,2.15,3.6,3.0,betano,betano,betano,1.0,0.0,0.0,0.0,0.03484311658500522,0,0.0,0.0,0.0,,,,,,,,,,,,,,,,0.0,0.03484311658500522,0
31-01-2021,Waregem,Oostende,1832,0.2645888681140212,0.4763964551220998,0.259014676763879,3.15,2.02,3.5,betano,betano,betano,1.0,0.0,0.0,0.0,0.0,0,0.0,0.0,0.0,,,,,,,,,,,,,,,,0.0,0.0,0
31-01-2021,Young Boys,Sion,1879,0.728635269461467,0.09591520759353339,0.1754495229449998,1.24,7.1,4.25,betano,betano,betano,1.0,0.0,0.0,0.0,0.0,0,0.0,0.0,0.0,,,,,,,,,,,,,,,,0.0,0.0,0
31-01-2021,Espanyol,Rayo Vallecano,1871,0.4071403038635349,0.2899865827762237,0.3028731133602414,1.91,3.65,3.3,betano,betano,betano,0.0,1.0,0.0,0.0,0.0,0,0.0,0.0,0.0,,,,,,,,,,,,,,,,0.0,0.0,0
31-01-2021,Spal,Monza,1856,0.2724961475239727,0.440129017634145,0.2873748348418824,2.85,2.4,3.05,betano,betano,betano,0.0,0.0,1.0,0.0,0.0,0,0.0,0.0,0.0,,,,,,,,,,,,,,,,0.0,0.0,0
31-01-2021,Vitoria Guimaraes,Maritimo,1864,0.5348694316926895,0.194349485554347,0.2707810827529635,1.78,4.6,3.7,betano,betano,luckia,1.0,0.0,0.0,0.0,0.0,0,0.0,0.0,0.0,,,,,,,,,,,,,,,,0.0,0.0,0
31-01-2021,Basel,Lugano,1879,0.4128747098991575,0.2805471338529443,0.3065781562478982,1.93,2.95,3.1,betano,betano,betano,0.0,0.0,1.0,0.0,0.0,0,0.0,0.0,0.0,,,,,,,,,,,,,,,,0.0,0.0,0
31-01-2021,Servette,Lausanne,1879,0.3443369380644505,0.3398622128405517,0.3158008490949977,2.2,2.62,2.92,betano,betano,betano,0.0,0.0,1.0,0.0,0.0,0,0.0,0.0,0.0,,,,,,,,,,,,,,,,0.0,0.0,0
31-01-2021,Cadiz CF,Atl. Madrid,1869,0.147233360284303,0.6617873154318112,0.1909793242838858,6.75,1.62,3.65,luckia,luckia,betano,0.0,1.0,0.0,0.0,0.05387964330495243,0,0.0,0.08728502215402294,0.0,,,,,,,,,,,,,,,,0.0,0.05387964330495243,0
31-01-2021,Den Haag,Sparta Rotterdam,1849,0.2229692422621913,0.5392852794824157,0.237745478255393,4.75,1.65,3.95,luckia,betano,luckia,0.0,0.0,1.0,0.0,0.0,0,0.0,0.0,0.0,,,,,,,,,,,,,,,,0.0,0.0,0
31-01-2021,AZ Alkmaar,Ajax,1849,0.2161106661712157,0.545780898039311,0.2381084357894735,3.7,1.75,4.15,luckia,betano,luckia,0.0,1.0,0.0,0.0,0.0,0,0.0,0.0,0.0,,,,,,,,,,,,,,,,0.0,0.0,0
31-01-2021,LASK,Rapid Vienna,1827,0.2806858807340855,0.4586475070123671,0.2606666122535475,1.75,3.3,3.25,betano,betano,betano,0.0,1.0,0.0,0.0,0.15442976963696353,0,0.0,0.5096182398019796,0.0,,,,,,,,,,,,,,,,0.0,0.15442976963696353,0
31-01-2021,Lille,Dijon,1843,0.666743154235294,0.1239303428693428,0.2093265028953633,1.33,10.5,4.35,betano,betano,betano,1.0,0.0,0.0,0.0,0.0,0,0.0,0.0,0.0,,,,,,,,,,,,,,,,0.0,0.0,0
31-01-2021,Besiktas,Trabzonspor,1882,0.4468049220314125,0.266439017762889,0.2867560602056985,1.83,4.05,3.25,betano,betano,betano,0.0,1.0,0.0,0.0,0.0,0,0.0,0.0,0.0,,,,,,,,,,,,,,,,0.0,0.0,0
31-01-2021,West Ham,Liverpool,2411,0.2154802239117234,0.543075517059621,0.2414442590286557,3.6,2.0,3.85,luckia,betano,betano,0.0,1.0,0.0,0.0,0.0061375412682307395,0,0.0,0.012275082536461479,0.0,,,,,,,,,,,,,,,,0.0,0.0061375412682307395,0
31-01-2021,Wolfsburg,Freiburg,1845,0.3790774488686518,0.3145682231296088,0.3063543280017393,1.91,3.8,3.4,betano,betano,betano,1.0,0.0,0.0,0.0,0.0,0,0.0,0.0,0.0,,,,,,,,,,,,,,,,0.0,0.0,0
31-01-2021,Napoli,Parma,1854,0.7201476744335804,0.09964688101497617,0.1802054445514434,1.34,8.5,4.65,betano,betano,betano,1.0,0.0,0.0,0.0,0.0,0,0.0,0.0,0.0,,,,,,,,,,,,,,,,0.0,0.0,0
31-01-2021,Mirandes,Las Palmas,1871,0.4567787785926315,0.2396629577829737,0.3035582636243948,2.02,3.85,2.87,betano,betano,betano,1.0,0.0,0.0,0.0,0.0,0,0.0,0.0,0.0,,,,,,,,,,,,,,,,0.0,0.0,0
31-01-2021,Anderlecht,Gent,1832,0.3806856693003299,0.3069160062244368,0.3123983244752334,2.22,2.9,3.3,betano,betano,betano,0.0,0.0,1.0,0.0,0.0,0,0.0,0.0,0.0,,,,,,,,,,,,,,,,0.0,0.0,0
31-01-2021,Granada CF,Celta Vigo,1869,0.2999316157691825,0.3954833488264564,0.3045850354043612,3.05,2.57,3.1,betano,betano,luckia,0.0,0.0,1.0,0.0,0.0,0,0.0,0.0,0.0,,,,,,,,,,,,,,,,0.0,0.0,0
31-01-2021,U.N.A.M.- Pumas,Atlas,1975,0.3663913223828482,0.3288657332825966,0.3047429443345551,2.8,2.55,2.95,luckia,luckia,luckia,,,,0.0,0.0,0,0.0,0.0,0.0,,,,,,,,,,,,,,,,0.0,0.0,0
31-01-2021,Atletico GO,Sao Paulo,2105,0.2635377999883691,0.453778627457295,0.282683572554336,3.85,2.0,3.15,betano,betano,betano,,,,0.0,0.0,0,0.0,0.0,0.0,,,,,,,,,,,,,,,,0.0,0.0,0
31-01-2021,Coritiba,Gremio,2105,0.260421391780867,0.4614121339673686,0.2781664742517644,3.95,1.98,3.1,betano,betano,betano,,,,0.0,0.0,0,0.0,0.0,0.0,,,,,,,,,,,,,,,,0.0,0.0,0
31-01-2021,Vasco,Bahia,2105,0.4369554083205172,0.2668444402871452,0.2962001513923376,2.22,3.4,3.0,betano,betano,betano,,,,0.0,0.0,0,0.0,0.0,0.0,,,,,,,,,,,,,,,,0.0,0.0,0
31-01-2021,Brighton,Tottenham,2411,0.2553309112399315,0.4697814692108453,0.2748876195492232,3.2,2.3,3.4,luckia,luckia,betano,,,,0.0,0.0,0,0.0,0.0,0.0,,,,,,,,,,,,,,,,0.0,0.0,0
31-01-2021,Tenerife,Fuenlabrada,1871,0.4393299534110538,0.2555717086649557,0.3050983379239907,2.12,3.55,2.87,betano,betano,betano,0.0,0.0,1.0,0.0,0.0,0,0.0,0.0,0.0,,,,,,,,,,,,,,,,0.0,0.0,0
31-01-2021,AS Roma,Verona,1854,0.5864703995057168,0.1653301219311575,0.2481994785631258,1.65,5.1,4.0,betano,betano,betano,1.0,0.0,0.0,0.0,0.0,0,0.0,0.0,0.0,,,,,,,,,,,,,,,,0.0,0.0,0
31-01-2021,St. Truiden,Cercle Brugge KSV,1832,0.3910503902570516,0.3116988588425439,0.2972507509004046,2.25,2.9,3.25,betano,betano,betano,1.0,0.0,0.0,0.0,0.0,0,0.0,0.0,0.0,,,,,,,,,,,,,,,,0.0,0.0,0
31-01-2021,Atletico-MG,Fortaleza,2105,0.6712602228760637,0.1221577724132544,0.2065820047106819,1.5,6.5,3.9,betano,betano,betano,,,,0.0,0.0,0,0.0,0.0,0.0,,,,,,,,,,,,,,,,0.0,0.0,0
31-01-2021,Nantes,Monaco,1843,0.1747785312024593,0.6189520124995487,0.206269456297992,4.5,1.72,3.6,betano,betano,betano,0.0,1.0,0.0,0.0,0.01730292727685756,0,0.0,0.029761034916195004,0.0,,,,,,,,,,,,,,,,0.0,0.01730292727685756,0
31-01-2021,Barcelona,Ath Bilbao,1869,0.7068408158252408,0.1056144937694746,0.1875446904052845,1.42,7.0,4.85,betano,luckia,luckia,1.0,0.0,0.0,0.0,0.0,0,0.0,0.0,0.0,,,,,,,,,,,,,,,,0.0,0.0,0
31-01-2021,Cittadella,Cremonese,1856,0.3889623837030713,0.3165771640447769,0.2944604522521518,2.02,3.45,3.15,betano,betano,betano,,,,0.0,0.0,0,0.0,0.0,0.0,,,,,,,,,,,,,,,,0.0,0.0,0
31-01-2021,Internacional,Bragantino,2105,0.463771145339164,0.2531641146852548,0.2830647399755812,2.05,3.75,3.1,betano,betano,betano,,,,0.0,0.0,0,0.0,0.0,0.0,,,,,,,,,,,,,,,,0.0,0.0,0
31-01-2021,Ceara,Athletico-PR,2105,0.5517313804397692,0.1850126791164739,0.2632559404437569,2.02,3.5,3.35,betano,betano,betano,,,,0.03498499613451844,0.0,0,0.0,0.0,0.0,,,,,,,,,,,,,,,,0.0,0.0,0
31-01-2021,Fluminense,Goias,2105,0.6621151118060008,0.1263030874256708,0.2115818007683284,1.65,5.1,3.55,betano,betano,betano,,,,0.08179809065132748,0.0,0,0.0,0.0,0.0,,,,,,,,,,,,,,,,0.0,0.0,0
01-02-2021,Santa Clara,Belenenses,1864,0.4020958783389352,0.2840909117915595,0.3138132098695053,2.25,3.75,3.0,luckia,luckia,betano,1.0,0.0,0.0,0.0,0.0,0,0.0,0.0,0.0,,,,,,,,,,,,,,,,0.0,0.0,0
01-02-2021,Leganes,Lugo,1871,0.5082256780818185,0.2058704526834229,0.2859038692347586,1.75,5.1,3.0,betano,betano,betano,1.0,0.0,0.0,0.0,0.0,0,0.0,0.0,0.0,,,,,,,,,,,,,,,,0.0,0.0,0
01-02-2021,FC Porto,Rio Ave,1864,0.7023521201468131,0.1077437506920616,0.1899041291611252,1.38,7.5,5.25,betano,luckia,luckia,1.0,0.0,0.0,0.0,0.0,0,0.0,0.0,0.0,,,,,,,,,,,,,,,,0.0,0.0,0
01-02-2021,Hannover,VfL Osnabruck,1846,0.5856590254144425,0.1630730811323379,0.2512678934532195,1.65,4.8,3.55,betano,betano,betano,1.0,0.0,0.0,0.0,0.0,0,0.0,0.0,0.0,,,,,,,,,,,,,,,,0.0,0.0,0
01-02-2021,Watford,QPR,2412,0.5245756734030763,0.2003294909417689,0.2750948356551547,1.8,4.25,3.2,betano,betano,betano,0.0,1.0,0.0,0.0,0.0,0,0.0,0.0,0.0,,,,,,,,,,,,,,,,0.0,0.0,0
01-02-2021,Moreirense,Braga,1864,0.1711706248379375,0.6275273623131248,0.2013020128489378,5.75,1.57,3.95,luckia,luckia,luckia,0.0,1.0,0.0,0.0,0.0,0,0.0,0.0,0.0,,,,,,,,,,,,,,,,0.0,0.0,0
01-02-2021,Reggina,Salernitana,1856,0.432246768934709,0.2666673292171632,0.3010859018481278,1.001,1.001,1.001,,,,0.0,0.0,1.0,0.0,0.0,0,0.0,0.0,0.0,,,,,,,,,,,,,,,,0.0,0.0,0
01-02-2021,Sabadell,Logrones,1871,0.3697513454396044,0.3122670703306333,0.3179815842297622,2.27,3.35,2.77,betano,betano,betano,0.0,0.0,1.0,0.0,0.0,0,0.0,0.0,0.0,,,,,,,,,,,,,,,,0.0,0.0,0
01-02-2021,Betis,Osasuna,1869,0.5314484155835113,0.1930020567353186,0.2755495276811702,1.85,4.1,3.35,betano,betano,betano,1.0,0.0,0.0,0.0,0.0,0,0.0,0.0,0.0,,,,,,,,,,,,,,,,0.0,0.0,0
01-02-2021,Sporting,Benfica,1864,0.2781790968202842,0.4470811497573287,0.2747397534223871,2.77,2.67,3.78,betano,betano,betano,1.0,0.0,0.0,0.0,0.03792950759282093,0,0.0,0.0,0.0,,,,,,,,,,,,,,,,0.0,0.03792950759282093,0
01-02-2021,Sport Recife,Flamengo RJ,2105,0.1862825478576824,0.6032905632468031,0.2104268888955146,5.9,1.6,3.55,betano,betano,betano,0.0,1.0,0.0,0.0,0.0,0,0.0,0.0,0.0,,,,,,,,,,,,,,,,0.0,0.0,0
02-02-2021,Hatayspor,Fenerbahce,1882,0.2539196362563333,0.4833231550264139,0.2627572087172529,3.7,1.88,3.6,luckia,betano,luckia,0.0,1.0,0.0,0.0,0.0,0,0.0,0.0,0.0,,,,,,,,,,,,,,,,0.0,0.0,0
02-02-2021,Pisa,Frosinone,1856,0.3324839932871943,0.3504123009293028,0.3171037057835029,2.62,2.55,3.1,betano,betano,betano,0.0,0.0,1.0,0.0,0.0,0,0.0,0.0,0.0,,,,,,,,,,,,,,,,0.0,0.0,0
02-02-2021,Rizespor,Kasimpasa,1882,0.3457070649674314,0.3574587801108631,0.2968341549217054,2.5,2.7,3.2,luckia,luckia,betano,0.0,0.0,1.0,0.0,0.0,0,0.0,0.0,0.0,,,,,,,,,,,,,,,,0.0,0.0,0
02-02-2021,Galatasaray,Basaksehir,1882,0.5624028824958615,0.1861804774571454,0.2514166400469932,1.7,4.8,3.95,betano,luckia,luckia,1.0,0.0,0.0,0.0,0.0,0,0.0,0.0,0.0,,,,,,,,,,,,,,,,0.0,0.0,0
02-02-2021,Randers FC,Horsens,1837,0.5739595435319683,0.1686996300362743,0.2573408264317574,1.66,4.9,3.5,luckia,luckia,luckia,1.0,0.0,0.0,0.0,0.0,0,0.0,0.0,0.0,,,,,,,,,,,,,,,,0.0,0.0,0
02-02-2021,Millwall,Norwich,2412,0.2386967096707386,0.5016575371007085,0.259645753228553,3.8,2.02,3.25,luckia,betano,luckia,0.0,0.0,1.0,0.0,0.0,0,0.0,0.0,0.0,,,,,,,,,,,,,,,,0.0,0.0,0
02-02-2021,Carlisle,Forest Green,2414,0.4787602575659932,0.2278100537994911,0.2934296886345157,1.001,1.001,1.001,,,,0.0,1.0,0.0,0.0,0.0,0,0.0,0.0,0.0,,,,,,,,,,,,,,,,0.0,0.0,0
02-02-2021,Sheffield Utd,West Brom,2411,0.4695279488623055,0.2314057723378287,0.2990662787998658,2.05,3.9,3.35,luckia,luckia,betano,1.0,0.0,0.0,0.0,0.0,0,0.0,0.0,0.0,,,,,,,,,,,,,,,,0.0,0.0,0
02-02-2021,Wolves,Arsenal,2411,0.259301423305239,0.4641548747081418,0.2765437019866191,3.55,2.15,3.4,luckia,luckia,betano,1.0,0.0,0.0,0.0,0.0,0,0.0,0.0,0.0,,,,,,,,,,,,,,,,0.0,0.0,0
02-02-2021,Swindon,Wigan,2413,0.3800644344757453,0.3387437352065953,0.2811918303176593,2.3,2.9,3.2,luckia,luckia,luckia,1.0,0.0,0.0,0.0,0.0,0,0.0,0.0,0.0,,,,,,,,,,,,,,,,0.0,0.0,0
02-02-2021,Aberdeen,Livingston,2417,0.3917663552873269,0.2911842766258097,0.3170493680868633,2.3,3.3,2.9,luckia,luckia,luckia,0.0,1.0,0.0,0.0,0.0,0,0.0,0.0,0.0,,,,,,,,,,,,,,,,0.0,0.0,0
02-02-2021,St. Mirren,Hibernian,2417,0.2926008707493482,0.4117963214234331,0.2956028078272186,3.0,2.35,3.1,luckia,luckia,luckia,0.0,1.0,0.0,0.0,0.0,0,0.0,0.0,0.0,,,,,,,,,,,,,,,,0.0,0.0,0
02-02-2021,Le Havre,Nancy,1844,0.3773712292852766,0.2999652901403348,0.3226634805743887,2.45,3.1,2.8,luckia,luckia,luckia,,,,0.0,0.0,0,0.0,0.0,0.0,,,,,,,,,,,,,,,,0.0,0.0,0
02-02-2021,Palmeiras,Botafogo RJ,2105,0.6185426568714042,0.1482546537863862,0.2332026893422095,1.65,5.2,3.65,betano,betano,luckia,0.0,0.0,1.0,0.0,0.0,0,0.0,0.0,0.0,,,,,,,,,,,,,,,,0.0,0.0,0
02-02-2021,Shrewsbury,Crewe,2413,0.371729557035551,0.3263277211746277,0.3019427217898212,2.45,2.75,3.15,luckia,luckia,luckia,0.0,1.0,0.0,0.0,0.0,0,0.0,0.0,0.0,,,,,,,,,,,,,,,,0.0,0.0,0
02-02-2021,Coventry,Nottingham,2412,0.3198394073473712,0.3688975146503932,0.3112630780022355,2.65,2.8,3.0,luckia,luckia,luckia,0.0,1.0,0.0,0.0,0.0,0,0.0,0.0,0.0,,,,,,,,,,,,,,,,0.0,0.0,0
02-02-2021,Wycombe,Birmingham,2412,0.27446850287715,0.4492657017052639,0.2762657954175863,3.25,2.27,3.2,luckia,betano,luckia,0.0,0.0,1.0,0.0,0.0,0,0.0,0.0,0.0,,,,,,,,,,,,,,,,0.0,0.0,0
02-02-2021,Rotherham,Derby,2412,0.2868534226665037,0.4209801077360464,0.2921664695974499,2.85,2.5,3.05,luckia,luckia,luckia,,,,0.0,0.0,0,0.0,0.0,0.0,,,,,,,,,,,,,,,,0.0,0.0,0
02-02-2021,Sochaux,AC Ajaccio,1844,0.374676222134213,0.3032362145606908,0.3220875633050964,2.6,2.95,2.75,luckia,luckia,luckia,,,,0.0,0.0,0,0.0,0.0,0.0,,,,,,,,,,,,,,,,0.0,0.0,0
02-02-2021,Chateauroux,Chambly,1844,0.3448190267835963,0.3475915450716555,0.3075894281447482,2.55,2.85,2.9,luckia,luckia,luckia,,,,0.0,0.0,0,0.0,0.0,0.0,,,,,,,,,,,,,,,,0.0,0.0,0
02-02-2021,Grenoble,Guingamp,1844,0.4092019534397124,0.2790401969473288,0.3117578496129588,2.15,3.3,3.15,luckia,luckia,luckia,,,,0.0,0.0,0,0.0,0.0,0.0,,,,,,,,,,,,,,,,0.0,0.0,0
02-02-2021,Accrington,Bristol Rovers,2413,0.5077190890615598,0.2103865231511783,0.2818943877872618,1.95,3.6,3.4,luckia,luckia,luckia,1.0,0.0,0.0,0.0,0.0,0,0.0,0.0,0.0,,,,,,,,,,,,,,,,0.0,0.0,0
02-02-2021,Auxerre,Toulouse,1844,0.3467357103698973,0.3493478111541173,0.3039164784759854,2.45,2.8,3.1,luckia,luckia,luckia,,,,0.0,0.0,0,0.0,0.0,0.0,,,,,,,,,,,,,,,,0.0,0.0,0
02-02-2021,Stevenage,Exeter,2414,0.2861150552674955,0.4223740575576988,0.2915108871748058,1.001,1.001,1.001,,,,,,,0.0,0.0,0,0.0,0.0,0.0,,,,,,,,,,,,,,,,0.0,0.0,0
02-02-2021,Paris FC,Niort,1844,0.5275793909605935,0.1940489043128322,0.2783717047265743,1.74,4.6,3.35,luckia,luckia,luckia,,,,0.0,0.0,0,0.0,0.0,0.0,,,,,,,,,,,,,,,,0.0,0.0,0
02-02-2021,Clermont,Troyes,1844,0.3110844758688419,0.392026129956457,0.2968893941747011,2.3,3.1,3.05,luckia,luckia,luckia,,,,0.0,0.025866654969868008,0,0.0,0.0,0.0,,,,,,,,,,,,,,,,0.0,0.0,0
02-02-2021,Pau FC,Amiens,1844,0.282221303960743,0.438318765114657,0.2794599309246,3.25,2.25,2.95,luckia,luckia,luckia,,,,0.0,0.0,0,0.0,0.0,0.0,,,,,,,,,,,,,,,,0.0,0.0,0
02-02-2021,Caen,Valenciennes,1844,0.3756088398015008,0.307232533374573,0.3171586268239261,2.4,3.0,2.95,luckia,luckia,luckia,,,,0.0,0.0,0,0.0,0.0,0.0,,,,,,,,,,,,,,,,0.0,0.0,0
02-02-2021,Vejle,Aarhus,1837,0.2375011766181828,0.5132320821744215,0.2492667412073957,3.8,1.86,3.4,luckia,luckia,luckia,0.0,0.0,1.0,0.0,0.0,0,0.0,0.0,0.0,,,,,,,,,,,,,,,,0.0,0.0,0
02-02-2021,Dunkerque,Rodez,1844,0.3120453190119435,0.392336039742166,0.2956186412458905,2.9,2.5,2.9,luckia,luckia,luckia,,,,0.0,0.0,0,0.0,0.0,0.0,,,,,,,,,,,,,,,,0.0,0.0,0
02-02-2021,Bournemouth,Sheffield Wed,2412,0.6798390115656926,0.1178775983038911,0.2022833901304162,1.44,7.25,4.3,betano,luckia,luckia,0.0,1.0,0.0,0.0,0.0,0,0.0,0.0,0.0,,,,,,,,,,,,,,,,0.0,0.0,0
02-02-2021,Salford,Colchester,2414,0.585763685401472,0.1623637304093693,0.2518725841891587,1.001,1.001,1.001,,,,,,,0.0,0.0,0,0.0,0.0,0.0,,,,,,,,,,,,,,,,0.0,0.0,0
02-02-2021,Crawley,Leyton Orient,2414,0.4091467028163597,0.279748765873004,0.3111045313106363,1.001,1.001,1.001,,,,,,,0.0,0.0,0,0.0,0.0,0.0,,,,,,,,,,,,,,,,0.0,0.0,0
02-02-2021,Charlton,Portsmouth,2413,0.3456568873827626,0.3448746062910018,0.3094685063262356,2.75,2.45,3.15,luckia,luckia,luckia,0.0,1.0,0.0,0.0,0.0,0,0.0,0.0,0.0,,,,,,,,,,,,,,,,0.0,0.0,0
02-02-2021,Mansfield,Bolton,2414,0.4518030555785518,0.2455205484142499,0.3026763960071983,1.001,1.001,1.001,,,,,,,0.0,0.0,0,0.0,0.0,0.0,,,,,,,,,,,,,,,,0.0,0.0,0
02-02-2021,Blackpool,Northampton,2413,0.6375112562962809,0.1380793534725956,0.2244093902311235,1.54,6.25,3.5,luckia,luckia,luckia,1.0,0.0,0.0,0.0,0.0,0,0.0,0.0,0.0,,,,,,,,,,,,,,,,0.0,0.0,0
02-02-2021,Kilmarnock,Celtic,2417,0.1328441552096195,0.7038160091892042,0.1633398356011764,7.75,1.3,5.25,luckia,luckia,luckia,0.0,1.0,0.0,0.0,0.0,0,0.0,0.0,0.0,,,,,,,,,,,,,,,,0.0,0.0,0
02-02-2021,Manchester Utd,Southampton,2411,0.6769920438644489,0.1191199814766925,0.2038879746588586,1.42,7.7,4.65,betano,betano,luckia,1.0,0.0,0.0,0.0,0.0,0,0.0,0.0,0.0,,,,,,,,,,,,,,,,0.0,0.0,0
02-02-2021,Newcastle,Crystal Palace,2411,0.3232857698019895,0.3662088744991976,0.3105053556988128,2.9,2.65,3.15,luckia,luckia,betano,0.0,1.0,0.0,0.0,0.0,0,0.0,0.0,0.0,,,,,,,,,,,,,,,,0.0,0.0,0
02-02-2021,Gil Vicente,Ferreira,1864,0.2756677529667886,0.4418820375110602,0.2824502095221513,3.1,2.5,3.05,luckia,betano,betano,0.0,1.0,0.0,0.0,0.0,0,0.0,0.0,0.0,,,,,,,,,,,,,,,,0.0,0.0,0
03-02-2021,Central Coast Mariners,Melbourne City,1948,0.2473812441685314,0.4975168586507021,0.2551018971807666,3.5,2.05,3.45,luckia,betano,luckia,1.0,0.0,0.0,0.0,0.0,0,0.0,0.0,0.0,,,,,,,,,,,,,,,,0.0,0.0,0
03-02-2021,Sivasspor,Erzurum BB,1882,0.4700716439887782,0.2315459368204705,0.2983824191907514,1.8,4.25,3.45,betano,luckia,luckia,0.0,0.0,1.0,0.0,0.0,0,0.0,0.0,0.0,,,,,,,,,,,,,,,,0.0,0.0,0
03-02-2021,Kayserispor,Alanyaspor,1882,0.2558918243248668,0.4814350135482315,0.2626731621269016,3.7,1.88,3.55,luckia,betano,luckia,0.0,0.0,1.0,0.0,0.0,0,0.0,0.0,0.0,,,,,,,,,,,,,,,,0.0,0.0,0
03-02-2021,Karagumruk,Gaziantep,1882,0.4072099533792356,0.2760035479784848,0.3167864986422796,2.32,2.9,3.3,betano,luckia,luckia,1.0,0.0,0.0,0.0,0.0,0,0.0,0.0,0.0,,,,,,,,,,,,,,,,0.0,0.0,0
03-02-2021,Konyaspor,Genclerbirligi,1882,0.5415426134531253,0.1921725432327671,0.2662848433141076,1.78,4.6,3.5,betano,luckia,luckia,0.0,0.0,1.0,0.0,0.0,0,0.0,0.0,0.0,,,,,,,,,,,,,,,,0.0,0.0,0
03-02-2021,Antalyaspor,Besiktas,1882,0.2112252244674056,0.5550850077708519,0.2336897677617425,4.4,1.75,3.6,luckia,betano,luckia,0.0,0.0,1.0,0.0,0.0,0,0.0,0.0,0.0,,,,,,,,,,,,,,,,0.0,0.0,0
03-02-2021,Odense,Lyngby,1837,0.5964737048069229,0.1578528871158368,0.2456734080772403,1.64,5.25,3.5,luckia,luckia,luckia,0.0,1.0,0.0,0.0,0.0,0,0.0,0.0,0.0,,,,,,,,,,,,,,,,0.0,0.0,0
03-02-2021,Zurich,Young Boys,1879,0.1875366011094461,0.6001909951744301,0.2122724037161239,4.3,1.52,3.45,betano,betano,betano,0.0,1.0,0.0,0.0,0.0,0,0.0,0.0,0.0,,,,,,,,,,,,,,,,0.0,0.0,0
03-02-2021,Metz,Montpellier,1843,0.375811573528234,0.305011276737377,0.319177149734389,2.55,3.0,3.0,luckia,luckia,betano,0.0,0.0,1.0,0.0,0.0,0,0.0,0.0,0.0,,,,,,,,,,,,,,,,0.0,0.0,0
03-02-2021,Fulham,Leicester,2411,0.2215486185989694,0.5339638948498706,0.2444874865511601,3.95,2.0,3.35,luckia,luckia,luckia,0.0,1.0,0.0,0.0,0.0,0,0.0,0.0,0.0,,,,,,,,,,,,,,,,0.0,0.0,0
03-02-2021,Burnley,Manchester City,2411,0.08846079706853024,0.7837194807860598,0.1278197221454099,14.0,1.22,6.5,betano,luckia,luckia,0.0,1.0,0.0,0.0,0.0,0,0.0,0.0,0.0,,,,,,,,,,,,,,,,0.0,0.0,0
03-02-2021,Motherwell,Dundee Utd,2417,0.5131659443453985,0.2061315350626232,0.2807025205919783,1.8,4.1,3.4,luckia,luckia,luckia,1.0,0.0,0.0,0.0,0.0,0,0.0,0.0,0.0,,,,,,,,,,,,,,,,0.0,0.0,0
03-02-2021,Rennes,Lorient,1843,0.5695648821729486,0.1711097953129555,0.2593253225140958,1.62,5.3,4.0,betano,betano,luckia,0.0,0.0,1.0,0.0,0.0,0,0.0,0.0,0.0,,,,,,,,,,,,,,,,0.0,0.0,0
03-02-2021,Bordeaux,Lille,1843,0.2554929335008325,0.4729758466444857,0.2715312198546816,3.9,2.05,3.1,luckia,betano,luckia,0.0,1.0,0.0,0.0,0.0,0,0.0,0.0,0.0,,,,,,,,,,,,,,,,0.0,0.0,0
03-02-2021,Strasbourg,Brest,1843,0.4308276014361301,0.2600820104559833,0.3090903881078865,2.1,3.45,3.3,luckia,luckia,luckia,0.0,0.0,1.0,0.0,0.0,0,0.0,0.0,0.0,,,,,,,,,,,,,,,,0.0,0.0,0
03-02-2021,Reims,Angers,1843,0.3479009129637384,0.3348607163573841,0.3172383706788775,2.6,2.85,2.95,luckia,luckia,luckia,0.0,0.0,1.0,0.0,0.0,0,0.0,0.0,0.0,,,,,,,,,,,,,,,,0.0,0.0,0
03-02-2021,Hamilton,Ross County,2417,0.2798536176628617,0.4632977460022908,0.2568486363348475,3.1,2.15,3.3,luckia,luckia,luckia,0.0,1.0,0.0,0.0,0.0,0,0.0,0.0,0.0,,,,,,,,,,,,,,,,0.0,0.0,0
03-02-2021,Gremio,Santos,2105,0.581794012685501,0.168186880275852,0.2500191070386469,1.75,4.65,3.55,betano,betano,luckia,0.0,0.0,1.0,0.0,0.0,0,0.0,0.0,0.0,,,,,,,,,,,,,,,,0.0,0.0,0
03-02-2021,Aalborg,FC Copenhagen,1837,0.2701462268561132,0.4543267454498543,0.2755270276940325,3.45,1.95,3.5,luckia,luckia,luckia,0.0,1.0,0.0,0.0,0.0,0,0.0,0.0,0.0,,,,,,,,,,,,,,,,0.0,0.0,0
03-02-2021,Sion,St. Gallen,1879,0.2550756163380605,0.4931858725884656,0.2517385110734738,3.1,1.85,3.15,betano,betano,betano,1.0,0.0,0.0,0.0,0.0,0,0.0,0.0,0.0,,,,,,,,,,,,,,,,0.0,0.0,0
03-02-2021,Leeds,Everton,2411,0.3743634149899591,0.3146980508986367,0.3109385341114042,2.45,2.7,3.65,luckia,luckia,betano,0.0,1.0,0.0,0.0,0.0,0,0.0,0.0,0.0,,,,,,,,,,,,,,,,0.0,0.0,0
03-02-2021,Lugano,Vaduz,1879,0.4986299331571521,0.2166041600353982,0.2847659068074496,1.72,3.7,3.05,betano,betano,betano,0.0,0.0,1.0,0.0,0.0,0,0.0,0.0,0.0,,,,,,,,,,,,,,,,0.0,0.0,0
03-02-2021,Brentford,Bristol City,2412,0.7015022187807786,0.1080401112962431,0.1904576699229783,1.4,8.0,4.35,betano,luckia,luckia,1.0,0.0,0.0,0.0,0.0,0,0.0,0.0,0.0,,,,,,,,,,,,,,,,0.0,0.0,0
03-02-2021,Rangers,St Johnstone,2417,0.7845970241568978,0.07220748206836626,0.1431954937747359,1.27,7.75,5.75,luckia,luckia,luckia,1.0,0.0,0.0,0.0,0.0,0,0.0,0.0,0.0,,,,,,,,,,,,,,,,0.0,0.0,0
03-02-2021,Dijon,Lyon,1843,0.1223580240778238,0.7181382201265225,0.1595037557956537,8.25,1.34,5.25,betano,betano,luckia,0.0,1.0,0.0,0.0,0.0,0,0.0,0.0,0.0,,,,,,,,,,,,,,,,0.0,0.0,0
03-02-2021,Monaco,Nice,1843,0.6300585958256657,0.1424789902720784,0.2274624139022559,1.5,6.0,4.65,betano,luckia,luckia,1.0,0.0,0.0,0.0,0.0,0,0.0,0.0,0.0,,,,,,,,,,,,,,,,0.0,0.0,0
03-02-2021,Lens,Marseille,1843,0.3987643394831072,0.2852725592467537,0.315963101270139,2.3,3.15,3.2,luckia,luckia,betano,0.0,0.0,1.0,0.0,0.0,0,0.0,0.0,0.0,,,,,,,,,,,,,,,,0.0,0.0,0
03-02-2021,Paris SG,Nimes,1843,0.8406083760182078,0.05033647538063504,0.1090551486011572,1.11,18.0,11.0,betano,betano,luckia,1.0,0.0,0.0,0.0,0.0,0,0.0,0.0,0.0,,,,,,,,,,,,,,,,0.0,0.0,0
03-02-2021,St Etienne,Nantes,1843,0.44977236613194,0.2456964669669996,0.3045311669010605,2.0,3.85,3.25,betano,luckia,luckia,0.0,0.0,1.0,0.0,0.0,0,0.0,0.0,0.0,,,,,,,,,,,,,,,,0.0,0.0,0
03-02-2021,Aston Villa,West Ham,2411,0.4200171975155766,0.2734103982269588,0.3065724042574646,2.18,3.3,3.35,betano,luckia,luckia,0.0,1.0,0.0,0.0,0.0,0,0.0,0.0,0.0,,,,,,,,,,,,,,,,0.0,0.0,0
03-02-2021,Liverpool,Brighton,2411,0.7017965457701545,0.1077314339290658,0.1904720203007798,1.4,7.25,4.8,betano,luckia,luckia,0.0,1.0,0.0,0.0,0.0,0,0.0,0.0,0.0,,,,,,,,,,,,,,,,0.0,0.0,0
03-02-2021,Bragantino,Atletico GO,2105,0.6016863052427205,0.1570007391875625,0.2413129555697171,1.7,4.85,3.75,betano,betano,luckia,1.0,0.0,0.0,0.0,0.0,0,0.0,0.0,0.0,,,,,,,,,,,,,,,,0.0,0.0,0
04-02-2021,Goztepe,Yeni Malatyaspor,1882,0.375526561806372,0.3148115261078849,0.3096619120857429,2.3,2.85,3.35,luckia,luckia,betano,0.0,0.0,1.0,0.0,0.0,0,0.0,0.0,0.0,,,,,,,,,,,,,,,,0.0,0.0,0
04-02-2021,SC Farense,Santa Clara,1864,0.3189710278144093,0.3815473719277056,0.299481600257885,2.7,2.9,2.92,luckia,luckia,betano,0.0,0.0,1.0,0.0,0.0,0,0.0,0.0,0.0,,,,,,,,,,,,,,,,0.0,0.0,0
04-02-2021,Trabzonspor,Denizlispor,1882,0.6772682192579255,0.1193338951760883,0.2033978855659862,1.5,6.75,4.1,betano,luckia,luckia,1.0,0.0,0.0,0.0,0.0,0,0.0,0.0,0.0,,,,,,,,,,,,,,,,0.0,0.0,0
04-02-2021,Midtjylland,Sonderjyske,1837,0.7011893582984864,0.1084158789041281,0.1903947627973855,1.31,8.25,5.25,betano,luckia,luckia,0.0,1.0,0.0,0.0,0.0,0,0.0,0.0,0.0,,,,,,,,,,,,,,,,0.0,0.0,0
04-02-2021,Luzern,Servette,1879,0.3764211372611415,0.3246334258055402,0.2989454369333183,1.98,2.85,3.1,betano,betano,betano,1.0,0.0,0.0,0.0,0.0,0,0.0,0.0,0.0,,,,,,,,,,,,,,,,0.0,0.0,0
04-02-2021,Belenenses,FC Porto,1864,0.1112479606370443,0.7380541149888659,0.1506979243740899,8.25,1.38,4.75,luckia,betano,luckia,0.0,0.0,1.0,0.0,0.009304602849036003,0,0.0,0.0,0.0,,,,,,,,,,,,,,,,0.0,0.009304602849036003,0
04-02-2021,Nordsjaelland,Brondby,1837,0.2931237911774001,0.4209719732253375,0.2859042355972624,3.1,2.2,3.25,luckia,luckia,luckia,0.0,1.0,0.0,0.0,0.0,0,0.0,0.0,0.0,,,,,,,,,,,,,,,,0.0,0.0,0
04-02-2021,Lausanne,Basel,1879,0.2869590443424972,0.4340565422969938,0.2789844133605091,2.45,2.25,3.05,betano,betano,betano,0.0,1.0,0.0,0.0,0.0,0,0.0,0.0,0.0,,,,,,,,,,,,,,,,0.0,0.0,0
04-02-2021,Tottenham,Chelsea,2411,0.2445860468795303,0.4956488864046263,0.2597650667158434,3.74,2.22,3.54,betano,betano,betano,0.0,1.0,0.0,0.0,0.0005881274014568061,0,0.0,0.0013056428312341096,0.0,,,,,,,,,,,,,,,,0.0,0.0005881274014568061,0
04-02-2021,Braga,Portimonense,1864,0.6864429100712607,0.1149588858832829,0.1985982040454564,1.42,7.75,4.6,betano,luckia,luckia,1.0,0.0,0.0,0.0,0.0,0,0.0,0.0,0.0,,,,,,,,,,,,,,,,0.0,0.0,0
04-02-2021,Famalicao,Moreirense,1864,0.4156333361032306,0.281475555087922,0.3028911088088474,2.02,4.0,3.15,betano,luckia,luckia,0.0,1.0,0.0,0.0,0.0,0,0.0,0.0,0.0,,,,,,,,,,,,,,,,0.0,0.0,0
04-02-2021,Fortaleza,Coritiba,2105,0.6016469886765061,0.1562201564000663,0.2421328549234276,1.75,4.75,3.45,betano,betano,luckia,1.0,0.0,0.0,0.0,0.0,0,0.0,0.0,0.0,,,,,,,,,,,,,,,,0.0,0.0,0
05-02-2021,Rio Ave,Nacional,1864,0.5323307945532656,0.1936058663885673,0.274063339058167,1.85,4.9,3.3,betano,luckia,luckia,,,,0.0,0.0,0,,,,,,,,,,,,,,,,,,,0.0,0.0,0
05-02-2021,St. Pauli,Sandhausen,1846,0.4654177053630926,0.2382395521748457,0.2963427424620616,2.0,3.35,3.3,betano,betano,betano,,,,0.0,0.0,0,,,,,,,,,,,,,,,,,,,0.0,0.0,0
05-02-2021,Aue,Hamburger SV,1846,0.1951289921186876,0.5840679186094129,0.2208030892718995,4.6,1.65,3.65,betano,betano,betano,,,,0.0,0.0,0,,,,,,,,,,,,,,,,,,,0.0,0.0,0
05-02-2021,Gillingham,Lincoln,2413,0.2656189673363737,0.4670398850674455,0.2673411475961808,3.25,1.87,2.95,betano,betano,betano,,,,0.0,0.0,0,,,,,,,,,,,,,,,,,,,0.0,0.0,0
05-02-2021,Sittard,Heracles,1849,0.3320102927632572,0.3658124733988513,0.3021772338378915,2.82,2.27,3.25,betano,betano,betano,,,,0.0,0.0,0,,,,,,,,,,,,,,,,,,,0.0,0.0,0
05-02-2021,AC Ajaccio,Auxerre,1844,0.362746475007056,0.3185876579825009,0.3186658670104432,2.27,2.65,2.77,betano,betano,betano,,,,0.0,0.0,0,,,,,,,,,,,,,,,,,,,0.0,0.0,0
05-02-2021,Rodez,Clermont,1844,0.1882988630810549,0.5957970458045314,0.2159040911144136,4.3,1.62,3.05,betano,betano,betano,,,,0.0,0.0,0,,,,,,,,,,,,,,,,,,,0.0,0.0,0
05-02-2021,Benfica,Vitoria Guimaraes,1864,0.6873339124777197,0.1144272380415313,0.198238849480749,1.42,7.8,4.9,betano,betano,luckia,,,,0.0,0.0,0,,,,,,,,,,,,,,,,,,,0.0,0.0,0
05-02-2021,Hertha Berlin,Bayern Munich,1845,0.125532919929244,0.7134460053594832,0.1610210747112726,7.9,1.33,5.4,betano,betano,betano,,,,0.0,0.0,0,,,,,,,,,,,,,,,,,,,0.0,0.0,0
05-02-2021,Chambly,Sochaux,1844,0.2839038789532233,0.4495208530742756,0.2665752679725012,3.1,2.12,2.6,betano,betano,betano,,,,0.0,0.0,0,,,,,,,,,,,,,,,,,,,0.0,0.0,0
05-02-2021,Nancy,Pau FC,1844,0.4390050753267175,0.2620068178133988,0.2989881068598838,1.91,3.35,2.77,betano,betano,betano,,,,0.0,0.0,0,,,,,,,,,,,,,,,,,,,0.0,0.0,0
05-02-2021,Niort,Chateauroux,1844,0.3186165120398117,0.3923316202317848,0.2890518677284035,2.55,2.3,2.85,betano,betano,betano,,,,0.0,0.0,0,,,,,,,,,,,,,,,,,,,0.0,0.0,0
05-02-2021,Valenciennes,Grenoble,1844,0.3165169533417772,0.3769933232150663,0.3064897234431564,2.72,2.15,2.85,betano,betano,betano,,,,0.0,0.0,0,,,,,,,,,,,,,,,,,,,0.0,0.0,0
05-02-2021,Maritimo,Sporting,1864,0.1482633576180578,0.6671760122077794,0.1845606301741627,7.2,1.52,4.05,betano,luckia,betano,,,,0.0,0.0,0,,,,,,,,,,,,,,,,,,,0.0,0.0,0
05-02-2021,Amiens,Caen,1844,0.4234572385643735,0.2690363231858828,0.3075064382497438,2.05,3.1,2.7,betano,betano,betano,,,,0.0,0.0,0,,,,,,,,,,,,,,,,,,,0.0,0.0,0
05-02-2021,Guingamp,Dunkerque,1844,0.5254210302361892,0.1988930237564356,0.2756859460073752,1.72,3.8,3.0,betano,betano,betano,,,,0.0,0.0,0,,,,,,,,,,,,,,,,,,,0.0,0.0,0
05-02-2021,Mouscron,Kortrijk,1832,0.2842650596517211,0.4523525922845229,0.2633823480637559,2.95,2.3,3.05,betano,betano,betano,,,,0.0,0.0,0,,,,,,,,,,,,,,,,,,,0.0,0.0,0
05-02-2021,Fiorentina,Inter,1854,0.1492504783010441,0.6658176336349804,0.1849318880639756,5.3,1.57,3.9,betano,betano,betano,,,,0.0,0.015510042869498197,0,,,,,,,,,,,,,,,,,,,0.0,0.0,0
05-02-2021,Lecce,Ascoli,1856,0.6470425230281526,0.1343638995684832,0.2185935774033641,1.6,4.85,3.7,betano,betano,betano,,,,0.0,0.0,0,,,,,,,,,,,,,,,,,,,0.0,0.0,0
05-02-2021,Alaves,Valladolid,1869,0.3390040269294997,0.3505894415870099,0.3104065314834902,2.52,3.0,2.85,betano,betano,betano,,,,0.0,0.0,0,,,,,,,,,,,,,,,,,,,0.0,0.0,0
05-02-2021,Albacete,Mallorca,1871,0.2196886439572035,0.5375387616858305,0.242772594356966,4.35,1.88,2.95,betano,betano,betano,,,,0.0,0.0,0,,,,,,,,,,,,,,,,,,,0.0,0.0,0
05-02-2021,Swansea,Norwich,2412,0.2933999121582598,0.4212905166436055,0.2853095711981347,2.65,2.6,3.0,betano,betano,betano,,,,0.0,0.0,0,,,,,,,,,,,,,,,,,,,0.0,0.0,0
05-02-2021,Ferreira,Tondela,1864,0.5715882700594452,0.1718750317792291,0.2565366981613257,1.76,5.1,3.55,luckia,betano,luckia,,,,0.0,0.0,0,,,,,,,,,,,,,,,,,,,0.0,0.0,0
05-02-2021,Boavista,Gil Vicente,1864,0.3167576862144177,0.3776571578121091,0.3055851559734733,2.77,3.0,2.87,betano,betano,betano,,,,0.0,0.0,0,,,,,,,,,,,,,,,,,,,0.0,0.0,0
05-02-2021,Botafogo RJ,Sport Recife,2105,0.4575483584869246,0.2503011433047321,0.2921504982083434,2.6,2.57,3.25,betano,betano,betano,,,,0.040407184074852276,0.0,0,,,,,,,,,,,,,,,,,,,0.0,0.0,0
