date,team1,team2,league_id,prob1,prob2,probTie,odd1,odd2,oddTie,bookmaker1,bookmaker2,bookmakerTie,outcome1,outcome2,outcomeTie,bankroll1,bankroll2,bankrollTie,profit1,profit2,profitTie,Unnamed: 22,Unnamed: 23,0.35122077103575505,8,0.04088267599995655,1.213555357060056,1.0209303217029306,0.29983496310627944,0.0768548787217303,0.0004407448242106397,Unnamed: 32,treshold =,0.04195857021292138,Unnamed: 35,Unnamed: 36,bankroll1.1,bankroll2.1,bankrollTie.1,vol1,vol2,volTie
2020-01-16 00:00:00,Tondela,Boavista,1864,0.333,0.333,0.333,1.001,1.001,1.001,,,,0.0,0.0,0.0,0.0,0.0,0,0.0,0.0,0.0,,date,ROI,N,vol,exp,mult,max,avg1,avg2,,cost func,8.59094377863446,,,0.0,0.0,0.0,,,
2020-01-16 00:00:00,Tondela,Boavista,1864,0.333,0.333,0.333,1.001,1.001,1.001,,,,0.0,0.0,0.0,0.0,0.0,0,0.0,0.0,0.0,,,,8,,1.2384,1.031,0.32270050532006156,0.0860854380444793,0.0004936799314378741,,,,,,0.0,0.0,0.0,,,
2020-01-16 00:00:00,Tondela,Boavista,1864,0.333,0.333,0.333,1.001,1.001,1.001,,,,0.0,0.0,0.0,0.0,0.0,0,0.0,0.0,0.0,,,,0,,0.02006188867889538,0.009766904264858666,0.023618950943490223,0.03574185341303863,0.035741853413038656,,,,,,0.0,0.0,0.0,,,
13-02-2021,Sandhausen,Karlsruher,1846,0.3918058779013385,0.3212043804879151,0.2869897416107464,3.0,2.2,3.2,betano,betano,betano,0.0,1.0,0.0,0.0,0.0,0,0.0,0.0,0.0,,,,,,,,,,,,,,,,0.0,0.0,0.0,,,
13-02-2021,Heidenheim,Aue,1846,0.5492913104479027,0.1880388587982009,0.2626698307538963,1.8,3.95,3.4,betano,betano,betano,1.0,0.0,0.0,0.0,0.0,0,0.0,0.0,0.0,,,,,,,,,,,,,,,,0.0,0.0,0.0,,,
13-02-2021,Regensburg,Dusseldorf,1846,0.3984437469360318,0.3130202674510994,0.2885359856128688,2.87,2.3,3.15,betano,betano,betano,0.0,0.0,1.0,0.0,0.0,0,0.0,0.0,0.0,,,,,,,,,,,,,,,,0.0,0.0,0.0,,,
13-02-2021,Hamburger SV,Greuther Furth,1846,0.5596390932240337,0.18265177449752,0.2577091322784463,1.88,3.5,3.6,betano,betano,betano,0.0,0.0,1.0,0.0,0.0,0,0.0,0.0,0.0,,,,,,,,,,,,,,,,0.0,0.0,0.0,,,
13-02-2021,Leicester,Liverpool,2411,0.2628404492227613,0.4720733372376778,0.2650862135395609,3.65,1.98,3.7,betano,betano,betano,1.0,0.0,0.0,0.0,0.0,0,0.0,0.0,0.0,,,,,,,,,,,,,,,,0.0,0.0,0.0,,,
13-02-2021,Nottingham,Bournemouth,2412,0.3243148534785935,0.3944269981903903,0.2812581483310163,3.2,2.22,2.95,betano,betano,betano,0.0,0.0,1.0,0.0,0.0,0,0.0,0.0,0.0,,,,,,,,,,,,,,,,0.0,0.0,0.0,,,
13-02-2021,Trabzonspor,Gaziantep,1882,0.6057489276219812,0.1540353466651996,0.2402157257128194,1.55,5.3,3.75,betano,betano,betano,1.0,0.0,0.0,0.0,0.0,0,0.0,0.0,0.0,,,,,,,,,,,,,,,,0.0,0.0,0.0,,,
13-02-2021,Cremonese,Lecce,1856,0.4442469452363721,0.2692352064758829,0.286517848287745,2.07,3.3,3.15,betano,betano,betano,0.0,1.0,0.0,0.0,0.0,0,0.0,0.0,0.0,,,,,,,,,,,,,,,,0.0,0.0,0.0,,,
13-02-2021,Pescara,Venezia,1856,0.3171033328250661,0.3640344697031777,0.3188621974717561,3.2,2.18,3.05,betano,betano,betano,0.0,1.0,0.0,0.0,0.0,0,0.0,0.0,0.0,,,,,,,,,,,,,,,,0.0,0.0,0.0,,,
13-02-2021,Pordenone,Cittadella,1856,0.3685311081488806,0.3230538321892943,0.308415059661825,2.57,2.7,2.95,betano,betano,betano,0.0,1.0,0.0,0.0,0.0,0,0.0,0.0,0.0,,,,,,,,,,,,,,,,0.0,0.0,0.0,,,
13-02-2021,Granada CF,Atl. Madrid,1869,0.204205216189403,0.5517561170800491,0.2440386667305478,5.5,1.78,3.3,betano,betano,betano,0.0,1.0,0.0,0.0,0.0,0,0.0,0.0,0.0,,,,,,,,,,,,,,,,0.0,0.0,0.0,,,
13-02-2021,Sparta Rotterdam,Sittard,1849,0.5457830811867591,0.1917822703349541,0.2624346484782868,1.78,3.9,3.55,betano,betano,betano,0.0,1.0,0.0,0.0,0.0,0,0.0,0.0,0.0,,,,,,,,,,,,,,,,0.0,0.0,0.0,,,
13-02-2021,Auxerre,Guingamp,1844,0.5005638926164211,0.2260713554848614,0.2733647518987174,1.8,3.4,3.05,betano,betano,betano,0.0,0.0,1.0,0.0,0.0,0,0.0,0.0,0.0,,,,,,,,,,,,,,,,0.0,0.0,0.0,,,
13-02-2021,Torino,Genoa,1854,0.4410023449967759,0.2728738010679005,0.2861238539353236,2.12,3.5,3.1,betano,betano,betano,0.0,0.0,1.0,0.0,0.0,0,0.0,0.0,0.0,,,,,,,,,,,,,,,,0.0,0.0,0.0,,,
13-02-2021,Dortmund,Hoffenheim,1845,0.6474353496160009,0.132284580494388,0.220280069889611,1.47,5.7,4.4,betano,betano,betano,0.0,0.0,1.0,0.0,0.0,0,0.0,0.0,0.0,,,,,,,,,,,,,,,,0.0,0.0,0.0,,,
13-02-2021,Werder Bremen,Freiburg,1845,0.3316846169304754,0.3776147879984227,0.2907005950711018,2.77,2.52,3.1,betano,betano,betano,0.0,0.0,1.0,0.0,0.0,0,0.0,0.0,0.0,,,,,,,,,,,,,,,,0.0,0.0,0.0,,,
13-02-2021,Stuttgart,Hertha Berlin,1845,0.4271215474403434,0.2869296778512407,0.2859487747084158,2.12,3.1,3.45,betano,betano,betano,0.0,0.0,1.0,0.0,0.0,0,0.0,0.0,0.0,,,,,,,,,,,,,,,,0.0,0.0,0.0,,,
13-02-2021,Bayer Leverkusen,Mainz,1845,0.6176590567953947,0.1479447261756135,0.2343962170289918,1.47,5.8,4.4,betano,betano,betano,0.0,0.0,1.0,0.0,0.0,0,0.0,0.0,0.0,,,,,,,,,,,,,,,,0.0,0.0,0.0,,,
13-02-2021,Northampton,Burton,2413,0.373754506404229,0.3344726572036635,0.2917728363921074,2.47,2.27,3.0,betano,betano,betano,0.0,1.0,0.0,0.0,0.0,0,0.0,0.0,0.0,,,,,,,,,,,,,,,,0.0,0.0,0.0,,,
13-02-2021,Shrewsbury,Ipswich,2413,0.3732181098492978,0.3117124059858952,0.315069484164807,2.3,2.65,2.72,betano,betano,betano,,,,0.0,0.0,0,0.0,0.0,0.0,,,,,,,,,,,,,,,,0.0,0.0,0.0,,,
13-02-2021,Spal,Empoli,1856,0.3614161892110605,0.3376601804410008,0.3009236303479387,2.7,2.47,3.05,betano,betano,betano,0.0,0.0,1.0,0.0,0.0,0,0.0,0.0,0.0,,,,,,,,,,,,,,,,0.0,0.0,0.0,,,
13-02-2021,Motherwell,Hamilton,2417,0.4932575451467104,0.2311321958204436,0.275610259032846,1.76,4.4,3.4,luckia,luckia,luckia,0.0,1.0,0.0,0.0,0.0,0,0.0,0.0,0.0,,,,,,,,,,,,,,,,0.0,0.0,0.0,,,
13-02-2021,Cambridge Utd,Southend,2414,0.5494314751486724,0.1894521402234067,0.2611163846279208,1.001,1.001,1.001,,,,0.0,0.0,1.0,0.0,0.0,0,0.0,0.0,0.0,,,,,,,,,,,,,,,,0.0,0.0,0.0,,,
13-02-2021,Dundee Utd,Livingston,2417,0.2698055256277758,0.4563659680282457,0.2738285063439785,4.0,2.0,3.05,luckia,luckia,luckia,1.0,0.0,0.0,0.0,0.0,0,0.0,0.0,0.0,,,,,,,,,,,,,,,,0.0,0.0,0.0,,,
13-02-2021,Aberdeen,St. Mirren,2417,0.4495698500100662,0.2635590052025101,0.2868711447874237,2.0,3.75,3.1,luckia,luckia,luckia,0.0,0.0,1.0,0.0,0.0,0,0.0,0.0,0.0,,,,,,,,,,,,,,,,0.0,0.0,0.0,,,
13-02-2021,Rangers,Kilmarnock,2417,0.7960362666600841,0.06874942342557876,0.1352143099143371,1.16,12.0,7.25,betano,luckia,luckia,1.0,0.0,0.0,0.0,0.0,0,0.0,0.0,0.0,,,,,,,,,,,,,,,,0.0,0.0,0.0,,,
13-02-2021,Huddersfield,Wycombe,2412,0.5482378017121166,0.1902470794091062,0.2615151188787772,1.65,4.8,3.45,betano,betano,betano,0.0,1.0,0.0,0.0,0.0,0,0.0,0.0,0.0,,,,,,,,,,,,,,,,0.0,0.0,0.0,,,
13-02-2021,Watford,Bristol City,2412,0.6182695349057784,0.1461628629180133,0.2355676021762083,1.55,5.6,3.6,betano,betano,betano,1.0,0.0,0.0,0.0,0.0,0,0.0,0.0,0.0,,,,,,,,,,,,,,,,0.0,0.0,0.0,,,
13-02-2021,Derby,Middlesbrough,2412,0.3241895797566027,0.3622026524486394,0.3136077677947579,2.67,2.6,2.95,betano,betano,betano,1.0,0.0,0.0,0.0,0.0,0,0.0,0.0,0.0,,,,,,,,,,,,,,,,0.0,0.0,0.0,,,
13-02-2021,Sunderland,Doncaster,2413,0.5169840202335978,0.2122142129941865,0.2708017667722157,1.8,3.55,2.95,betano,betano,betano,1.0,0.0,0.0,0.0,0.0,0,0.0,0.0,0.0,,,,,,,,,,,,,,,,0.0,0.0,0.0,,,
13-02-2021,Charlton,Gillingham,2413,0.5312714894971322,0.201248191160416,0.2674803193424518,1.72,3.65,3.05,betano,betano,betano,0.0,1.0,0.0,0.0,0.0,0,0.0,0.0,0.0,,,,,,,,,,,,,,,,0.0,0.0,0.0,,,
13-02-2021,Hull,MK Dons,2413,0.5104079056040516,0.215552776603939,0.2740393177920094,1.9,3.15,3.0,betano,betano,betano,0.0,1.0,0.0,0.0,0.0,0,0.0,0.0,0.0,,,,,,,,,,,,,,,,0.0,0.0,0.0,,,
13-02-2021,Cardiff,Coventry,2412,0.4482834464576511,0.2674353626179061,0.2842811909244428,2.0,3.5,3.2,betano,betano,betano,1.0,0.0,0.0,0.0,0.0,0,0.0,0.0,0.0,,,,,,,,,,,,,,,,0.0,0.0,0.0,,,
13-02-2021,Crystal Palace,Burnley,2411,0.3647050750975309,0.3225037936011612,0.3127911313013078,2.52,3.0,2.87,betano,betano,betano,0.0,1.0,0.0,0.0,0.0,0,0.0,0.0,0.0,,,,,,,,,,,,,,,,0.0,0.0,0.0,,,
13-02-2021,Bolton,Stevenage,2414,0.4732562347485491,0.2473906638983719,0.279353101353079,1.001,1.001,1.001,,,,1.0,0.0,0.0,0.0,0.0,0,0.0,0.0,0.0,,,,,,,,,,,,,,,,0.0,0.0,0.0,,,
13-02-2021,Lincoln,Accrington,2413,0.5016919053608923,0.2187027467360985,0.2796053479030093,1.8,3.3,3.1,betano,betano,betano,,,,0.0,0.0,0,0.0,0.0,0.0,,,,,,,,,,,,,,,,0.0,0.0,0.0,,,
13-02-2021,Birmingham,Luton,2412,0.34290756702272,0.3414353210102192,0.3156571119670608,2.6,2.77,2.82,betano,betano,betano,0.0,1.0,0.0,0.0,0.0,0,0.0,0.0,0.0,,,,,,,,,,,,,,,,0.0,0.0,0.0,,,
13-02-2021,Bristol Rovers,Swindon,2413,0.4461742918516605,0.2692830227322856,0.2845426854160538,2.0,2.87,3.0,betano,betano,betano,,,,0.0,0.0,0,0.0,0.0,0.0,,,,,,,,,,,,,,,,0.0,0.0,0.0,,,
13-02-2021,Plymouth,Fleetwood,2413,0.3866412331549575,0.3152324620896461,0.2981263047553965,2.4,2.45,2.82,betano,betano,betano,1.0,0.0,0.0,0.0,0.0,0,0.0,0.0,0.0,,,,,,,,,,,,,,,,0.0,0.0,0.0,,,
13-02-2021,Reading,Millwall,2412,0.3960421099962149,0.2997637451868078,0.3041941448169773,2.25,3.2,2.9,betano,betano,betano,0.0,1.0,0.0,0.0,0.0,0,0.0,0.0,0.0,,,,,,,,,,,,,,,,0.0,0.0,0.0,,,
13-02-2021,Norwich,Stoke,2412,0.5186500106327809,0.2102168305163175,0.2711331588509014,1.75,4.45,3.25,betano,betano,betano,1.0,0.0,0.0,0.0,0.0,0,0.0,0.0,0.0,,,,,,,,,,,,,,,,0.0,0.0,0.0,,,
13-02-2021,Waasland-Beveren,Eupen,1832,0.2574805709853494,0.4767689855492868,0.2657504434653639,3.7,1.82,3.6,betano,betano,betano,,,,0.0,0.0,0,0.0,0.0,0.0,,,,,,,,,,,,,,,,0.0,0.0,0.0,,,
13-02-2021,Sevilla,Huesca,1869,0.6654451164051367,0.1235219385014684,0.211032945093395,1.52,6.5,3.7,betano,betano,betano,1.0,0.0,0.0,0.0,0.0,0,0.0,0.0,0.0,,,,,,,,,,,,,,,,0.0,0.0,0.0,,,
13-02-2021,Nacional,SC Farense,1864,0.3402117185797267,0.3286030778234129,0.3311852035968605,2.65,2.85,3.1,luckia,luckia,betano,0.0,1.0,0.0,0.0,0.0,0,0.0,0.0,0.0,,,,,,,,,,,,,,,,0.0,0.0,0.0,,,
13-02-2021,Den Haag,PSV,1849,0.1395026795773401,0.6832635994518774,0.1772337209707824,10.25,1.24,5.1,betano,betano,betano,0.0,0.0,1.0,0.0,0.0,0,0.0,0.0,0.0,,,,,,,,,,,,,,,,0.0,0.0,0.0,,,
13-02-2021,Wolfsberger AC,Admira,1827,0.5237971795719828,0.2036737715251445,0.2725290489028727,1.57,4.0,3.4,betano,betano,betano,1.0,0.0,0.0,0.0,0.0,0,0.0,0.0,0.0,,,,,,,,,,,,,,,,0.0,0.0,0.0,,,
13-02-2021,Tirol,Salzburg,1827,0.1143620404856731,0.7267752776970129,0.1588626818173139,6.2,1.25,4.5,betano,betano,betano,0.0,1.0,0.0,0.0,0.0,0,0.0,0.0,0.0,,,,,,,,,,,,,,,,0.0,0.0,0.0,,,
13-02-2021,Altach,Rapid Vienna,1827,0.1497581003557419,0.6592128258793769,0.1910290737648813,4.5,1.44,3.8,betano,betano,betano,0.0,0.0,1.0,0.0,0.0,0,0.0,0.0,0.0,,,,,,,,,,,,,,,,0.0,0.0,0.0,,,
13-02-2021,Karagumruk,Fenerbahce,1882,0.275091429932424,0.4597975768154238,0.2651109932521523,3.7,1.83,3.55,betano,betano,betano,0.0,1.0,0.0,0.0,0.0,0,0.0,0.0,0.0,,,,,,,,,,,,,,,,0.0,0.0,0.0,,,
13-02-2021,Paris SG,Nice,1843,0.7909808555630603,0.07053931115785791,0.1384798332790818,1.21,12.0,6.7,betano,betano,betano,1.0,0.0,0.0,0.0,0.0,0,0.0,0.0,0.0,,,,,,,,,,,,,,,,0.0,0.0,0.0,,,
13-02-2021,Mirandes,Girona,1871,0.3912181519231626,0.2543250506862412,0.3544567973905962,2.25,3.35,2.8,betano,betano,betano,0.0,0.0,1.0,0.0,0.0,0,0.0,0.0,0.0,,,,,,,,,,,,,,,,0.0,0.0,0.0,,,
13-02-2021,Eibar,Valladolid,1869,0.3982727120238293,0.2663634525745813,0.3353638354015895,2.05,3.9,3.0,betano,betano,betano,0.0,0.0,1.0,0.0,0.0,0,0.0,0.0,0.0,,,,,,,,,,,,,,,,0.0,0.0,0.0,,,
13-02-2021,Manchester City,Tottenham,2411,0.7243990922189799,0.097892049681254,0.1777088580997661,1.36,10.25,5.94,betano,betano,betano,1.0,0.0,0.0,0.0,0.0,0,0.0,0.0,0.0,,,,,,,,,,,,,,,,0.0,0.0,0.0,,,
13-02-2021,St. Truiden,Waregem,1832,0.4261337105823517,0.2854407138306616,0.2884255755869869,2.05,3.35,3.15,betano,betano,betano,0.0,1.0,0.0,0.0,0.0,0,0.0,0.0,0.0,,,,,,,,,,,,,,,,0.0,0.0,0.0,,,
13-02-2021,Union Berlin,Schalke,1845,0.5228690948449641,0.204224699163853,0.2729062059911828,1.72,4.8,3.45,betano,betano,betano,0.0,0.0,1.0,0.0,0.0,0,0.0,0.0,0.0,,,,,,,,,,,,,,,,0.0,0.0,0.0,,,
13-02-2021,Heracles,Ajax,1849,0.1491121366881702,0.663730441373121,0.1871574219387087,7.8,1.3,5.0,betano,betano,betano,0.0,1.0,0.0,0.0,0.0,0,0.0,0.0,0.0,,,,,,,,,,,,,,,,0.0,0.0,0.0,,,
13-02-2021,Vitoria Guimaraes,Rio Ave,1864,0.3761361940725851,0.2993959554089187,0.3244678505184962,2.15,3.4,3.25,luckia,luckia,luckia,0.0,1.0,0.0,0.0,0.0,0,0.0,0.0,0.0,,,,,,,,,,,,,,,,0.0,0.0,0.0,,,
13-02-2021,Chateauroux,Le Havre,1844,0.3758969987032806,0.3101130146201804,0.3139899866765391,2.3,2.72,2.67,betano,betano,betano,0.0,1.0,0.0,0.0,0.0,0,0.0,0.0,0.0,,,,,,,,,,,,,,,,0.0,0.0,0.0,,,
13-02-2021,Reims,Lens,1843,0.3112207138290319,0.3667837901646132,0.3219954960063549,2.82,2.52,3.05,betano,betano,betano,0.0,0.0,1.0,0.0,0.0,0,0.0,0.0,0.0,,,,,,,,,,,,,,,,0.0,0.0,0.0,,,
13-02-2021,Grenoble,Amiens,1844,0.3964227268808289,0.2857077891418501,0.3178694839773211,2.1,3.1,2.62,betano,betano,betano,0.0,0.0,1.0,0.0,0.0,0,0.0,0.0,0.0,,,,,,,,,,,,,,,,0.0,0.0,0.0,,,
13-02-2021,Troyes,Rodez,1844,0.5975166242920837,0.1559639721174936,0.2465194035904228,1.57,4.75,3.0,betano,betano,betano,1.0,0.0,0.0,0.0,0.0,0,0.0,0.0,0.0,,,,,,,,,,,,,,,,0.0,0.0,0.0,,,
13-02-2021,Caen,Niort,1844,0.4373857495667822,0.2754379403670471,0.2871763100661708,2.0,3.1,2.77,betano,betano,betano,1.0,0.0,0.0,0.0,0.0,0,0.0,0.0,0.0,,,,,,,,,,,,,,,,0.0,0.0,0.0,,,
13-02-2021,Clermont,Chambly,1844,0.7483637974369022,0.0874076763318584,0.1642285262312393,1.22,8.5,4.15,betano,betano,betano,1.0,0.0,0.0,0.0,0.0,0,0.0,0.0,0.0,,,,,,,,,,,,,,,,0.0,0.0,0.0,,,
13-02-2021,Dunkerque,Nancy,1844,0.3514473572184546,0.3310794905897496,0.3174731521917958,2.5,2.47,2.67,betano,betano,betano,0.0,1.0,0.0,0.0,0.0,0,0.0,0.0,0.0,,,,,,,,,,,,,,,,0.0,0.0,0.0,,,
13-02-2021,Pau FC,Paris FC,1844,0.3111313628241535,0.3984374757970024,0.2904311613788441,3.05,2.02,2.8,betano,betano,betano,0.0,0.0,1.0,0.0,0.0,0,0.0,0.0,0.0,,,,,,,,,,,,,,,,0.0,0.0,0.0,,,
13-02-2021,Tenerife,Ponferradina,1871,0.4745634080398508,0.2028817203647375,0.3225548715954117,1.95,4.05,2.95,betano,betano,betano,1.0,0.0,0.0,0.0,0.0,0,0.0,0.0,0.0,,,,,,,,,,,,,,,,0.0,0.0,0.0,,,
13-02-2021,Oostende,Genk,1832,0.3820546942625438,0.3287119344002964,0.2892333713371597,2.45,2.47,3.5,betano,betano,betano,,,,0.0,0.0,0,0.0,0.0,0.0,,,,,,,,,,,,,,,,0.0,0.0,0.0,,,
13-02-2021,Spezia,AC Milan,1854,0.1580236223092666,0.6404660029810021,0.2015103747097314,5.6,1.52,4.15,betano,betano,betano,1.0,0.0,0.0,0.0,0.0,0,0.0,0.0,0.0,,,,,,,,,,,,,,,,0.0,0.0,0.0,,,
13-02-2021,Barcelona,Alaves,1869,0.8185889144793645,0.05866606133968835,0.122745024180947,1.31,8.75,5.2,betano,betano,betano,1.0,0.0,0.0,0.17300816932533858,0.0,0,0.22664070181619356,0.0,0.0,,,,,,,,,,,,,,,,0.17300816932533858,0.0,0.0,0.05363253249085498,,
13-02-2021,Goias,Botafogo RJ,2105,0.5991519907803268,0.1407377475931398,0.2601102616265336,1.55,5.3,4.05,betano,betano,betano,1.0,0.0,0.0,0.0,0.0,0,0.0,0.0,0.0,,,,,,,,,,,,,,,,0.0,0.0,0.0,,,
13-02-2021,Lyon,Montpellier,1843,0.7327312418525476,0.09432409396341984,0.1729446641840326,1.38,6.8,4.8,betano,betano,betano,0.0,1.0,0.0,0.0,0.0,0,0.0,0.0,0.0,,,,,,,,,,,,,,,,0.0,0.0,0.0,,,
13-02-2021,Brighton,Aston Villa,2411,0.3196449977555813,0.3657838032443411,0.3145711990000776,2.7,2.4,3.4,betano,betano,betano,0.0,0.0,1.0,0.0,0.0,0,0.0,0.0,0.0,,,,,,,,,,,,,,,,0.0,0.0,0.0,,,
13-02-2021,FC Porto,Boavista,1864,0.8097700581749218,0.06245340224295156,0.1277765395821267,1.23,16.0,6.0,luckia,betano,luckia,0.0,0.0,1.0,0.0,0.0,0,0.0,0.0,0.0,,,,,,,,,,,,,,,,0.0,0.0,0.0,,,
13-02-2021,Santos,Coritiba,2105,0.7292947365417762,0.0835121047806609,0.1871931586775629,1.38,7.8,4.45,betano,betano,betano,1.0,0.0,0.0,0.0,0.0,0,0.0,0.0,0.0,,,,,,,,,,,,,,,,0.0,0.0,0.0,,,
13-02-2021,Atletico-MG,Bahia,2105,0.7511906209444043,0.08370022225157113,0.1651091568040245,1.4,6.8,4.5,betano,betano,betano,0.0,0.0,1.0,0.036303669821589835,0.0,0,0.0,0.0,0.0,,,,,,,,,,,,,,,,0.036303669821589835,0.0,0.0,-0.036303669821589835,,
14-02-2021,St Johnstone,Celtic,2417,0.2034298961837676,0.5739825403206205,0.2225875634956119,5.75,1.54,3.8,luckia,luckia,luckia,0.0,1.0,0.0,0.0,0.0,0,0.0,0.0,0.0,,,,,,,,,,,,,,,,0.0,0.0,0.0,,,
14-02-2021,Darmstadt,VfL Osnabruck,1846,0.5658396913233954,0.1776683256298809,0.2564919830467237,1.7,4.3,3.6,betano,betano,betano,1.0,0.0,0.0,0.0,0.0,0,0.0,0.0,0.0,,,,,,,,,,,,,,,,0.0,0.0,0.0,,,
14-02-2021,St. Liege,Antwerp,1832,0.3926757037356804,0.3213870665657544,0.2859372296985652,2.42,2.6,3.3,betano,betano,betano,0.0,0.0,1.0,0.0,0.0,0,0.0,0.0,0.0,,,,,,,,,,,,,,,,0.0,0.0,0.0,,,
14-02-2021,Nurnberg,St. Pauli,1846,0.4967402360486574,0.2290647124921409,0.2741950514592018,2.27,2.7,3.45,betano,betano,betano,0.0,1.0,0.0,0.0,0.0,0,0.0,0.0,0.0,,,,,,,,,,,,,,,,0.0,0.0,0.0,,,
14-02-2021,Bochum,Braunschweig,1846,0.6186363358140772,0.1468021617344977,0.2345615024514251,1.55,5.2,3.75,betano,betano,betano,1.0,0.0,0.0,0.0,0.0,0,0.0,0.0,0.0,,,,,,,,,,,,,,,,0.0,0.0,0.0,,,
14-02-2021,Aalborg,Randers FC,1837,0.3924360944182504,0.3135661888279849,0.2939977167537647,2.47,2.37,2.85,betano,betano,betano,0.0,0.0,1.0,0.0,0.0,0,0.0,0.0,0.0,,,,,,,,,,,,,,,,0.0,0.0,0.0,,,
14-02-2021,Vejle,Nordsjaelland,1837,0.4507624986223969,0.2630180754309833,0.2862194259466197,2.02,2.87,2.95,betano,betano,betano,0.0,0.0,1.0,0.0,0.0,0,0.0,0.0,0.0,,,,,,,,,,,,,,,,0.0,0.0,0.0,,,
14-02-2021,Brentford,Barnsley,2412,0.5751311168883297,0.1715293168601416,0.2533395662515286,1.62,5.0,3.5,betano,betano,betano,0.0,1.0,0.0,0.0,0.0,0,0.0,0.0,0.0,,,,,,,,,,,,,,,,0.0,0.0,0.0,,,
14-02-2021,Mallorca,Espanyol,1871,0.3184225715635032,0.3578083114331515,0.3237691170033452,3.0,2.45,2.82,betano,betano,betano,0.0,1.0,0.0,0.0,0.0,0,0.0,0.0,0.0,,,,,,,,,,,,,,,,0.0,0.0,0.0,,,
14-02-2021,Ried,St. Polten,1827,0.3832208877129817,0.3330236968950463,0.2837554153919721,2.05,2.57,3.35,betano,betano,betano,0.0,0.0,1.0,0.0,0.0,0,0.0,0.0,0.0,,,,,,,,,,,,,,,,0.0,0.0,0.0,,,
14-02-2021,Austria Vienna,Hartberg,1827,0.412472662137151,0.2997231810045177,0.2878041568583313,1.88,2.87,3.35,betano,betano,betano,0.0,1.0,0.0,0.0,0.0,0,0.0,0.0,0.0,,,,,,,,,,,,,,,,0.0,0.0,0.0,,,
14-02-2021,Entella,Frosinone,1856,0.3296391140230004,0.3401430802818876,0.330217805695112,3.2,2.3,2.85,betano,betano,betano,0.0,1.0,0.0,0.0,0.0,0,0.0,0.0,0.0,,,,,,,,,,,,,,,,0.0,0.0,0.0,,,
14-02-2021,Colchester,Mansfield,2414,0.3017142802277818,0.4182986526616291,0.279987067110589,1.001,1.001,1.001,,,,0.0,0.0,1.0,0.0,0.0,0,0.0,0.0,0.0,,,,,,,,,,,,,,,,0.0,0.0,0.0,,,
14-02-2021,Beerschot VA,KV Mechelen,1832,0.2828977939684381,0.4472104949285306,0.2698917111030314,3.6,1.88,3.45,betano,betano,betano,0.0,1.0,0.0,0.0,0.0,0,0.0,0.0,0.0,,,,,,,,,,,,,,,,0.0,0.0,0.0,,,
14-02-2021,Almeria,Las Palmas,1871,0.5814253114732595,0.1550262951597254,0.2635483933670153,1.78,4.5,3.2,betano,betano,betano,1.0,0.0,0.0,0.0,0.0,0,0.0,0.0,0.0,,,,,,,,,,,,,,,,0.0,0.0,0.0,,,
14-02-2021,Oxford Utd,Wigan,2413,0.6621351297553261,0.1256173602436291,0.2122475100010449,1.45,5.1,3.4,betano,betano,betano,1.0,0.0,0.0,0.0,0.0,0,0.0,0.0,0.0,,,,,,,,,,,,,,,,0.0,0.0,0.0,,,
14-02-2021,Lyngby,Brondby,1837,0.2492044162507699,0.4994056006252753,0.2513899831239549,3.85,1.7,3.05,betano,betano,betano,0.0,1.0,0.0,0.0,0.0,0,0.0,0.0,0.0,,,,,,,,,,,,,,,,0.0,0.0,0.0,,,
14-02-2021,Reggiana,Ascoli,1856,0.3445828390693588,0.3300601658388649,0.3253569950917763,2.6,2.65,3.0,betano,betano,betano,1.0,0.0,0.0,0.0,0.0,0,0.0,0.0,0.0,,,,,,,,,,,,,,,,0.0,0.0,0.0,,,
14-02-2021,LASK,Sturm Graz,1827,0.5143374230678138,0.2145561666038981,0.2711064103282881,1.55,4.1,3.45,betano,betano,betano,1.0,0.0,0.0,0.0,0.0,0,0.0,0.0,0.0,,,,,,,,,,,,,,,,0.0,0.0,0.0,,,
14-02-2021,Brescia,Chievo,1856,0.3170088563491956,0.3753488314481115,0.3076423122026928,3.0,2.27,3.05,betano,betano,betano,1.0,0.0,0.0,0.0,0.0,0,0.0,0.0,0.0,,,,,,,,,,,,,,,,0.0,0.0,0.0,,,
14-02-2021,Midtjylland,Horsens,1837,0.7575226137591444,0.08348191498807171,0.1589954712527837,1.27,6.8,4.05,betano,betano,betano,1.0,0.0,0.0,0.0,0.0,0,0.0,0.0,0.0,,,,,,,,,,,,,,,,0.0,0.0,0.0,,,
14-02-2021,Alcorcon,Logrones,1871,0.4545218998242525,0.2173565772548873,0.3281215229208601,1.98,4.1,2.85,betano,betano,betano,1.0,0.0,0.0,0.0,0.0,0,0.0,0.0,0.0,,,,,,,,,,,,,,,,0.0,0.0,0.0,,,
14-02-2021,Charleroi,Club Brugge KV,1832,0.1765887874749197,0.6122461423037304,0.2111650702213498,6.0,1.5,3.75,betano,betano,betano,,,,0.0,0.0,0,0.0,0.0,0.0,,,,,,,,,,,,,,,,0.0,0.0,0.0,,,
14-02-2021,Leganes,Albacete,1871,0.6528982186817104,0.1198970007302514,0.2272047805880382,1.55,6.1,3.4,betano,betano,betano,1.0,0.0,0.0,0.0,0.0,0,0.0,0.0,0.0,,,,,,,,,,,,,,,,0.0,0.0,0.0,,,
14-02-2021,Lincoln,Accrington,2413,0.4780333428058818,0.2307036145709465,0.2912630426231716,1.8,3.4,3.05,betano,betano,betano,0.0,0.0,1.0,0.0,0.0,0,0.0,0.0,0.0,,,,,,,,,,,,,,,,0.0,0.0,0.0,,,
14-02-2021,Toluca,U.N.A.M.- Pumas,1975,0.502666623027267,0.2241162764028053,0.2732171005699278,1.83,3.75,3.55,luckia,luckia,luckia,0.0,0.0,1.0,0.0,0.0,0,0.0,0.0,0.0,,,,,,,,,,,,,,,,0.0,0.0,0.0,,,
14-02-2021,Vasco,Internacional,2105,0.2990066513584021,0.3720375010089125,0.3289558476326854,3.35,2.27,2.95,betano,betano,betano,0.0,1.0,0.0,0.0,0.0,0,0.0,0.0,0.0,,,,,,,,,,,,,,,,0.0,0.0,0.0,,,
14-02-2021,Flamengo RJ,Corinthians,2105,0.821021351903562,0.05233850794046271,0.1266401401559752,1.38,7.6,4.45,betano,betano,betano,1.0,0.0,0.0,0.29983496310627944,0.0,0,0.4137722490866656,0.0,0.0,,,,,,,,,,,,,,,,0.29983496310627944,0.0,0.0,0.11393728598038616,,
14-02-2021,Odense,Aarhus,1837,0.3089769356364641,0.3843726826849622,0.3066503816785737,2.77,2.05,3.0,betano,betano,betano,0.0,0.0,1.0,0.0,0.0,0,0.0,0.0,0.0,,,,,,,,,,,,,,,,0.0,0.0,0.0,,,
14-02-2021,Cercle Brugge KSV,Anderlecht,1832,0.2092441465584318,0.5463137860214163,0.2444420674201519,4.4,1.7,3.5,betano,betano,betano,0.0,0.0,1.0,0.0,0.0,0,0.0,0.0,0.0,,,,,,,,,,,,,,,,0.0,0.0,0.0,,,
14-02-2021,Gijon,Malaga,1871,0.5242515704845992,0.1770288437940869,0.2987195857213138,1.9,4.25,2.95,betano,betano,betano,1.0,0.0,0.0,0.0,0.0,0,0.0,0.0,0.0,,,,,,,,,,,,,,,,0.0,0.0,0.0,,,
14-02-2021,Athletico-PR,Atletico GO,2105,0.5106732191727162,0.1818108764370201,0.3075159043902636,1.72,4.7,3.45,betano,betano,betano,1.0,0.0,0.0,0.0,0.0,0,0.0,0.0,0.0,,,,,,,,,,,,,,,,0.0,0.0,0.0,,,
14-02-2021,Palmeiras,Fortaleza,2105,0.4774816669728073,0.2007029977242965,0.3218153353028963,2.05,3.4,3.35,betano,betano,betano,1.0,0.0,0.0,0.0,0.0,0,0.0,0.0,0.0,,,,,,,,,,,,,,,,0.0,0.0,0.0,,,
14-02-2021,Gremio,Sao Paulo,2105,0.4763669409217504,0.2034141947322653,0.3202188643459843,2.12,3.45,3.15,betano,betano,betano,0.0,1.0,0.0,0.0,0.0,0,0.0,0.0,0.0,,,,,,,,,,,,,,,,0.0,0.0,0.0,,,
14-02-2021,Konyaspor,Denizlispor,1882,0.5172710926815498,0.2131368685641186,0.2695920387543316,1.9,3.95,3.3,luckia,luckia,betano,1.0,0.0,0.0,0.0,0.0,0,0.0,0.0,0.0,,,,,,,,,,,,,,,,0.0,0.0,0.0,,,
14-02-2021,AZ Alkmaar,Heerenveen,1849,0.6762590107625313,0.1195772043908821,0.2041637848465866,1.44,6.0,4.55,betano,luckia,luckia,1.0,0.0,0.0,0.0,0.0,0,0.0,0.0,0.0,,,,,,,,,,,,,,,,0.0,0.0,0.0,,,
14-02-2021,AS Roma,Udinese,1854,0.5772260571459451,0.1716474829028787,0.2511264599511762,1.7,4.85,3.7,betano,luckia,luckia,1.0,0.0,0.0,0.0,0.0,0,0.0,0.0,0.0,,,,,,,,,,,,,,,,0.0,0.0,0.0,,,
14-02-2021,Southampton,Wolves,2411,0.4526381053788724,0.2613350231294319,0.2860268714916957,2.18,3.55,3.2,betano,luckia,betano,0.0,1.0,0.0,0.0,0.0,0,0.0,0.0,0.0,,,,,,,,,,,,,,,,0.0,0.0,0.0,,,
14-02-2021,Monaco,Lorient,1843,0.6745528944194864,0.1200035516878845,0.2054435538926292,1.4,7.5,4.65,betano,betano,luckia,0.0,0.0,1.0,0.0,0.0,0,0.0,0.0,0.0,,,,,,,,,,,,,,,,0.0,0.0,0.0,,,
14-02-2021,Goztepe,Basaksehir,1882,0.4077093879554058,0.3052551951686504,0.2870354168759436,2.45,2.52,3.35,betano,betano,betano,1.0,0.0,0.0,0.0,0.0,0,0.0,0.0,0.0,,,,,,,,,,,,,,,,0.0,0.0,0.0,,,
14-02-2021,Hatayspor,Alanyaspor,1882,0.3807161239682749,0.3294384210677624,0.2898454549639627,2.55,2.47,3.3,betano,betano,betano,0.0,0.0,1.0,0.0,0.0,0,0.0,0.0,0.0,,,,,,,,,,,,,,,,0.0,0.0,0.0,,,
14-02-2021,Galatasaray,Kasimpasa,1882,0.7084460151276168,0.1051980160502087,0.1863559688221745,1.47,5.8,4.05,betano,betano,betano,1.0,0.0,0.0,0.0,0.0,0,0.0,0.0,0.0,,,,,,,,,,,,,,,,0.0,0.0,0.0,,,
14-02-2021,Getafe,Real Sociedad,1869,0.2536952084601387,0.4582816510705959,0.2880231404692654,4.4,1.95,2.95,betano,betano,betano,0.0,1.0,0.0,0.0,0.0,0,0.0,0.0,0.0,,,,,,,,,,,,,,,,0.0,0.0,0.0,,,
14-02-2021,Feyenoord,Willem II,1849,0.7222412291456073,0.09926315285465104,0.1784956179997417,1.36,6.9,4.55,betano,betano,betano,1.0,0.0,0.0,0.0,0.0,0,0.0,0.0,0.0,,,,,,,,,,,,,,,,0.0,0.0,0.0,,,
14-02-2021,Utrecht,Venlo,1849,0.7074454112872127,0.1057126725747486,0.1868419161380387,1.32,7.4,4.8,betano,betano,betano,1.0,0.0,0.0,0.0,0.0,0,0.0,0.0,0.0,,,,,,,,,,,,,,,,0.0,0.0,0.0,,,
14-02-2021,Cagliari,Atalanta,1854,0.1534511548176772,0.6542136400212125,0.1923352051611104,6.6,1.4,4.6,betano,betano,betano,0.0,1.0,0.0,0.0,0.0,0,0.0,0.0,0.0,,,,,,,,,,,,,,,,0.0,0.0,0.0,,,
14-02-2021,West Brom,Manchester Utd,2411,0.1399894487160854,0.680993410410501,0.1790171408734137,10.0,1.3,5.6,betano,betano,betano,0.0,0.0,1.0,0.0,0.0,0,0.0,0.0,0.0,,,,,,,,,,,,,,,,0.0,0.0,0.0,,,
14-02-2021,Sampdoria,Fiorentina,1854,0.3663254156901166,0.3381429125275797,0.2955316717823038,2.6,2.7,3.1,betano,betano,betano,1.0,0.0,0.0,0.0,0.0,0,0.0,0.0,0.0,,,,,,,,,,,,,,,,0.0,0.0,0.0,,,
14-02-2021,Angers,Nantes,1843,0.425465614172943,0.270127798642728,0.304406587184329,2.15,3.6,3.0,betano,betano,betano,0.0,1.0,0.0,0.0,0.0,0,0.0,0.0,0.0,,,,,,,,,,,,,,,,0.0,0.0,0.0,,,
14-02-2021,Dijon,Nimes,1843,0.3888499420424923,0.3130602539891109,0.2980898039683967,2.55,2.72,3.15,betano,betano,betano,0.0,1.0,0.0,0.0,0.0,0,0.0,0.0,0.0,,,,,,,,,,,,,,,,0.0,0.0,0.0,,,
14-02-2021,Rennes,St Etienne,1843,0.4767272014789344,0.235136206345348,0.2881365921757176,1.93,4.05,3.15,betano,betano,betano,0.0,1.0,0.0,0.0,0.0,0,0.0,0.0,0.0,,,,,,,,,,,,,,,,0.0,0.0,0.0,,,
14-02-2021,Metz,Strasbourg,1843,0.3388040961954313,0.3467847252430369,0.3144111785615318,2.87,2.72,2.75,betano,betano,betano,0.0,1.0,0.0,0.0,0.0,0,0.0,0.0,0.0,,,,,,,,,,,,,,,,0.0,0.0,0.0,,,
14-02-2021,Eintracht Frankfurt,FC Koln,1845,0.6350578896616889,0.1381203302952979,0.2268217800430133,1.5,5.9,4.15,betano,betano,betano,1.0,0.0,0.0,0.0,0.0,0,0.0,0.0,0.0,,,,,,,,,,,,,,,,0.0,0.0,0.0,,,
14-02-2021,Portimonense,Gil Vicente,1864,0.3597812217627946,0.3094287917446016,0.3307899864926037,2.4,3.35,2.95,luckia,luckia,betano,1.0,0.0,0.0,0.0,0.0,0,0.0,0.0,0.0,,,,,,,,,,,,,,,,0.0,0.0,0.0,,,
14-02-2021,Real Madrid,Valencia,1869,0.7173593153432059,0.1008666081689838,0.1817740764878103,1.42,6.9,5.0,betano,betano,betano,1.0,0.0,0.0,0.0,0.0,0,0.0,0.0,0.0,,,,,,,,,,,,,,,,0.0,0.0,0.0,,,
14-02-2021,Vitesse,Twente,1849,0.5796047950563968,0.1687688720164773,0.2516263329271259,1.75,4.2,3.5,betano,betano,betano,0.0,1.0,0.0,0.0,0.0,0,0.0,0.0,0.0,,,,,,,,,,,,,,,,0.0,0.0,0.0,,,
14-02-2021,Lille,Brest,1843,0.6712253875452937,0.1212172863459369,0.2075573261087694,1.52,6.4,3.8,betano,betano,betano,0.0,0.0,1.0,0.0,0.0,0,0.0,0.0,0.0,,,,,,,,,,,,,,,,0.0,0.0,0.0,,,
14-02-2021,Arsenal,Leeds,2411,0.5573843351106611,0.1818538702029307,0.2607617946864082,1.78,4.1,3.6,betano,betano,betano,1.0,0.0,0.0,0.0,0.0,0,0.0,0.0,0.0,,,,,,,,,,,,,,,,0.0,0.0,0.0,,,
14-02-2021,Crotone,Sassuolo,1854,0.2453014871656071,0.485098444796092,0.2696000680383009,3.65,1.91,3.55,betano,betano,betano,0.0,1.0,0.0,0.0,0.0,0,0.0,0.0,0.0,,,,,,,,,,,,,,,,0.0,0.0,0.0,,,
14-02-2021,Wolfsburg,B. Monchengladbach,1845,0.3495901239496454,0.3561488198280441,0.2942610562223104,2.35,2.77,3.4,betano,betano,betano,0.0,0.0,1.0,0.0,0.0,0,0.0,0.0,0.0,,,,,,,,,,,,,,,,0.0,0.0,0.0,,,
14-02-2021,Santa Clara,Braga,1864,0.206255498255244,0.5572541178640549,0.2364903838807011,4.6,1.83,3.5,luckia,betano,betano,0.0,1.0,0.0,0.0,0.0,0,0.0,0.0,0.0,,,,,,,,,,,,,,,,0.0,0.0,0.0,,,
14-02-2021,Levante,Osasuna,1869,0.3986429348696565,0.2888298965193253,0.3125271686110182,2.3,3.05,3.15,betano,betano,betano,0.0,1.0,0.0,0.0,0.0,0,0.0,0.0,0.0,,,,,,,,,,,,,,,,0.0,0.0,0.0,,,
14-02-2021,Everton,Fulham,2411,0.4741214298539135,0.236064793383519,0.2898137767625675,1.98,3.6,3.4,betano,betano,betano,0.0,0.0,1.0,0.0,0.0,0,0.0,0.0,0.0,,,,,,,,,,,,,,,,0.0,0.0,0.0,,,
14-02-2021,Inter,Lazio,1854,0.6302462397949906,0.1392539526087585,0.2304998075962509,1.75,4.55,3.75,betano,betano,betano,1.0,0.0,0.0,0.033100666630472175,0.0,0,0.05792616660332631,0.0,0.0,,,,,,,,,,,,,,,,0.033100666630472175,0.0,0.0,0.02482549997285413,,
14-02-2021,Bordeaux,Marseille,1843,0.3691801535326224,0.3049372977600508,0.3258825487073268,2.42,2.92,3.1,betano,betano,betano,0.0,0.0,1.0,0.0,0.0,0,0.0,0.0,0.0,,,,,,,,,,,,,,,,0.0,0.0,0.0,,,
14-02-2021,Villarreal,Betis,1869,0.4836245041193491,0.2155747668864424,0.3008007289942086,1.88,3.95,3.4,betano,betano,betano,0.0,1.0,0.0,0.0,0.0,0,0.0,0.0,0.0,,,,,,,,,,,,,,,,0.0,0.0,0.0,,,
14-02-2021,Moreirense,Benfica,1864,0.1151058987118346,0.7185856625320943,0.1663084387560711,9.5,1.34,5.25,betano,betano,luckia,0.0,0.0,1.0,0.0,0.0,0,0.0,0.0,0.0,,,,,,,,,,,,,,,,0.0,0.0,0.0,,,
15-02-2021,Genclerbirligi,Besiktas,1882,0.1738105983858525,0.6189173689652389,0.2072720326489087,6.0,1.44,4.15,betano,betano,betano,0.0,1.0,0.0,0.0,0.0,0,0.0,0.0,0.0,,,,,,,,,,,,,,,,0.0,0.0,0.0,,,
15-02-2021,Antalyaspor,Yeni Malatyaspor,1882,0.3576012466532413,0.3218994396961123,0.3204993136506465,2.35,3.05,3.0,luckia,luckia,luckia,0.0,0.0,1.0,0.0,0.0,0,0.0,0.0,0.0,,,,,,,,,,,,,,,,0.0,0.0,0.0,,,
15-02-2021,Sochaux,Valenciennes,1844,0.4071515120008805,0.2914617354948281,0.3013867525042915,2.1,3.75,2.95,luckia,luckia,luckia,1.0,0.0,0.0,0.0,0.0,0,0.0,0.0,0.0,,,,,,,,,,,,,,,,0.0,0.0,0.0,,,
15-02-2021,FC Copenhagen,Sonderjyske,1837,0.6454646943097843,0.1326240633873112,0.2219112423029045,1.45,4.85,3.55,betano,betano,betano,1.0,0.0,0.0,0.0,0.0,0,0.0,0.0,0.0,,,,,,,,,,,,,,,,0.0,0.0,0.0,,,
15-02-2021,Castellon,Fuenlabrada,1871,0.3093290820885067,0.3582014395589369,0.3324694783525565,3.25,2.32,2.77,betano,betano,betano,0.0,1.0,0.0,0.0,0.0,0,0.0,0.0,0.0,,,,,,,,,,,,,,,,0.0,0.0,0.0,,,
15-02-2021,Bayern Munich,Arminia Bielefeld,1845,0.7985245730388122,0.06723921466680115,0.1342362122943866,1.16,16.5,7.5,luckia,betano,luckia,0.0,0.0,1.0,0.0,0.0,0,0.0,0.0,0.0,,,,,,,,,,,,,,,,0.0,0.0,0.0,,,
15-02-2021,Verona,Parma,1854,0.356224684437324,0.3201316199850451,0.3236436955776308,2.25,3.5,3.15,betano,betano,betano,1.0,0.0,0.0,0.0,0.0,0,0.0,0.0,0.0,,,,,,,,,,,,,,,,0.0,0.0,0.0,,,
15-02-2021,Toulouse,AC Ajaccio,1844,0.4135007100336368,0.2772369890071334,0.3092623009592298,1.93,3.1,2.95,betano,betano,betano,1.0,0.0,0.0,0.0,0.0,0,0.0,0.0,0.0,,,,,,,,,,,,,,,,0.0,0.0,0.0,,,
15-02-2021,Gent,Mouscron,1832,0.620931144627147,0.1431821750471446,0.2358866803257084,1.47,6.2,3.85,betano,betano,betano,0.0,0.0,1.0,0.0,0.0,0,0.0,0.0,0.0,,,,,,,,,,,,,,,,0.0,0.0,0.0,,,
15-02-2021,Cosenza,Reggina,1856,0.3135761703591635,0.3497771295206359,0.3366467001202006,2.85,2.45,2.95,betano,betano,betano,0.0,0.0,1.0,0.0,0.0,0,0.0,0.0,0.0,,,,,,,,,,,,,,,,0.0,0.0,0.0,,,
15-02-2021,R. Oviedo,Lugo,1871,0.4444821467238648,0.2201555046922944,0.3353623485838407,2.02,4.0,2.8,betano,betano,betano,1.0,0.0,0.0,0.0,0.0,0,0.0,0.0,0.0,,,,,,,,,,,,,,,,0.0,0.0,0.0,,,
15-02-2021,Cadiz CF,Ath Bilbao,1869,0.2630796978053778,0.4257809211961571,0.311139380998465,4.15,2.05,3.1,betano,betano,betano,,,,0.0,0.0,0,0.0,0.0,0.0,,,,,,,,,,,,,,,,0.0,0.0,0.0,,,
15-02-2021,Ceara,Fluminense,2105,0.3554441891615285,0.2971517906148654,0.3474040202236062,2.4,2.92,3.1,betano,betano,betano,0.0,1.0,0.0,0.0,0.0,0,0.0,0.0,0.0,,,,,,,,,,,,,,,,0.0,0.0,0.0,,,
15-02-2021,Sport Recife,Bragantino,2105,0.2319663338502105,0.4732696455931761,0.2947640205566133,4.2,1.8,3.6,betano,betano,luckia,,,,0.0,0.0,0,0.0,0.0,0.0,,,,,,,,,,,,,,,,0.0,0.0,0.0,,,
15-02-2021,West Ham,Sheffield Utd,2411,0.5210059452344167,0.2019268588008961,0.2770671959646871,2.15,5.0,3.5,luckia,betano,betano,1.0,0.0,0.0,0.0,0.0,0,0.0,0.0,0.0,,,,,,,,,,,,,,,,0.0,0.0,0.0,,,
15-02-2021,Chelsea,Newcastle,2411,0.7506900031056053,0.08585802876568961,0.163451968128705,1.25,12.5,6.5,betano,betano,luckia,,,,0.0,0.0,0,0.0,0.0,0.0,,,,,,,,,,,,,,,,0.0,0.0,0.0,,,
15-02-2021,Sporting,Ferreira,1864,0.689012276635657,0.107585085501169,0.2034026378631741,1.45,8.25,4.5,betano,betano,luckia,1.0,0.0,0.0,0.0,0.0,0,0.0,0.0,0.0,,,,,,,,,,,,,,,,0.0,0.0,0.0,,,
16-02-2021,Tondela,Maritimo,1864,0.3275380421487253,0.3393450353299423,0.3331169225213324,2.5,3.15,2.95,luckia,luckia,betano,1.0,0.0,0.0,0.0,0.0,0,0.0,0.0,0.0,,,,,,,,,,,,,,,,0.0,0.0,0.0,,,
16-02-2021,Gillingham,Peterborough,2413,0.2608554767216929,0.4645593276073979,0.2745851956709091,3.6,2.0,3.2,luckia,luckia,luckia,0.0,1.0,0.0,0.0,0.0,0,0.0,0.0,0.0,,,,,,,,,,,,,,,,0.0,0.0,0.0,,,
16-02-2021,Newport,Exeter,2414,0.3437528109916488,0.3659360369669111,0.2903111520414401,1.001,1.001,1.001,,,,0.0,0.0,1.0,0.0,0.0,0,0.0,0.0,0.0,,,,,,,,,,,,,,,,0.0,0.0,0.0,,,
16-02-2021,Walsall,Cheltenham,2414,0.3473536914268011,0.3507218458322864,0.3019244627409124,1.001,1.001,1.001,,,,0.0,1.0,0.0,0.0,0.0,0,0.0,0.0,0.0,,,,,,,,,,,,,,,,0.0,0.0,0.0,,,
16-02-2021,Ipswich,Northampton,2413,0.5941966285450546,0.152152462608013,0.2536509088469324,1.64,5.0,3.5,luckia,luckia,luckia,0.0,0.0,1.0,0.0,0.0,0,0.0,0.0,0.0,,,,,,,,,,,,,,,,0.0,0.0,0.0,,,
16-02-2021,Stoke,Sheffield Wed,2412,0.3707234002614661,0.3086588559874992,0.3206177437510347,2.1,3.75,3.05,luckia,luckia,luckia,1.0,0.0,0.0,0.0,0.0,0,0.0,0.0,0.0,,,,,,,,,,,,,,,,0.0,0.0,0.0,,,
16-02-2021,Bristol Rovers,Portsmouth,2413,0.2075198406732862,0.5559803737619239,0.2364997855647901,4.45,1.74,3.45,luckia,luckia,luckia,0.0,1.0,0.0,0.0,0.0,0,0.0,0.0,0.0,,,,,,,,,,,,,,,,0.0,0.0,0.0,,,
16-02-2021,Bradford City,Morecambe,2414,0.4057262217860194,0.3017721416638348,0.2925016365501458,1.001,1.001,1.001,,,,1.0,0.0,0.0,0.0,0.0,0,0.0,0.0,0.0,,,,,,,,,,,,,,,,0.0,0.0,0.0,,,
16-02-2021,Blackpool,Rochdale,2413,0.6141723210819187,0.1483023554896704,0.2375253234284109,1.48,6.0,4.15,luckia,luckia,luckia,1.0,0.0,0.0,0.0,0.0,0,0.0,0.0,0.0,,,,,,,,,,,,,,,,0.0,0.0,0.0,,,
16-02-2021,Crawley,Stevenage,2414,0.3982610034677597,0.288798115798959,0.3129408807332813,1.001,1.001,1.001,,,,0.0,1.0,0.0,0.0,0.0,0,0.0,0.0,0.0,,,,,,,,,,,,,,,,0.0,0.0,0.0,,,
16-02-2021,Salford,Barrow,2414,0.4843368800308269,0.2265446649358233,0.2891184550333498,1.001,1.001,1.001,,,,1.0,0.0,0.0,0.0,0.0,0,0.0,0.0,0.0,,,,,,,,,,,,,,,,0.0,0.0,0.0,,,
16-02-2021,Preston,Watford,2412,0.2492683931343503,0.4698290025579476,0.2809026043077021,3.95,2.05,3.05,luckia,luckia,luckia,0.0,1.0,0.0,0.0,0.0,0,0.0,0.0,0.0,,,,,,,,,,,,,,,,0.0,0.0,0.0,,,
16-02-2021,Middlesbrough,Huddersfield,2412,0.4653549321060256,0.2439148182510337,0.2907302496429408,1.8,4.35,3.5,luckia,luckia,luckia,0.0,1.0,0.0,0.0,0.0,0,0.0,0.0,0.0,,,,,,,,,,,,,,,,0.0,0.0,0.0,,,
16-02-2021,Wycombe,Derby,2412,0.2257369881570141,0.5048996237480342,0.2693633880949517,4.55,1.83,3.25,luckia,luckia,luckia,0.0,1.0,0.0,0.0,0.0,0,0.0,0.0,0.0,,,,,,,,,,,,,,,,0.0,0.0,0.0,,,
16-02-2021,Bristol City,Reading,2412,0.2514331041380149,0.4718448488136132,0.2767220470483719,3.85,2.0,3.25,luckia,luckia,betano,0.0,1.0,0.0,0.0,0.0,0,0.0,0.0,0.0,,,,,,,,,,,,,,,,0.0,0.0,0.0,,,
16-02-2021,RB Leipzig,Liverpool,1818,0.2528194224745661,0.4735080995423191,0.2736724779831148,2.87,2.25,3.5,betano,betano,betano,0.0,1.0,0.0,0.0,0.0,0,0.0,0.0,0.0,,,,,,,,,,,,,,,,0.0,0.0,0.0,,,
16-02-2021,Barcelona,Paris SG,1818,0.4210251951083839,0.2936198633240458,0.2853549415675702,2.08,3.57,4.18,betano,betano,betano,0.0,1.0,0.0,0.0,0.0,0,0.0,0.0,0.0,,,,,,,,,,,,,,,,0.0,0.0,0.0,,,
16-02-2021,Luton,Cardiff,2412,0.3025543474916364,0.3799949896822793,0.3174506628260844,2.9,2.45,3.1,luckia,luckia,luckia,0.0,1.0,0.0,0.0,0.0,0,0.0,0.0,0.0,,,,,,,,,,,,,,,,0.0,0.0,0.0,,,
17-02-2021,Waasland-Beveren,Eupen,1832,0.249900593126161,0.4847523832346186,0.2653470236392204,3.8,1.8,3.8,luckia,luckia,luckia,1.0,0.0,0.0,0.0,0.0,0,0.0,0.0,0.0,,,,,,,,,,,,,,,,0.0,0.0,0.0,,,
17-02-2021,St. Gallen,Luzern,1879,0.3048847622088447,0.3977958589334367,0.2973193788577186,2.45,2.15,3.25,betano,betano,betano,1.0,0.0,0.0,0.0,0.0,0,0.0,0.0,0.0,,,,,,,,,,,,,,,,0.0,0.0,0.0,,,
17-02-2021,Lugano,Servette,1879,0.3037708298437168,0.3798201663267479,0.3164090038295354,2.45,2.3,3.0,betano,betano,betano,0.0,0.0,1.0,0.0,0.0,0,0.0,0.0,0.0,,,,,,,,,,,,,,,,0.0,0.0,0.0,,,
17-02-2021,Leganes,Almeria,1871,0.3828460591230623,0.2743983629763271,0.3427555779006106,2.25,3.5,2.9,betano,luckia,luckia,1.0,0.0,0.0,0.0,0.0,0,0.0,0.0,0.0,,,,,,,,,,,,,,,,0.0,0.0,0.0,,,
17-02-2021,St. Mirren,Hamilton,2417,0.5079239829361416,0.2146831895181512,0.277392827545707,1.64,5.5,3.35,luckia,luckia,luckia,0.0,0.0,1.0,0.0,0.0,0,0.0,0.0,0.0,,,,,,,,,,,,,,,,0.0,0.0,0.0,,,
17-02-2021,Celtic,Aberdeen,2417,0.6525978229023586,0.129331628831457,0.2180705482661845,1.42,6.75,4.25,betano,luckia,luckia,1.0,0.0,0.0,0.0,0.0,0,0.0,0.0,0.0,,,,,,,,,,,,,,,,0.0,0.0,0.0,,,
17-02-2021,Levante,Atl. Madrid,1869,0.2093510840079528,0.539783080856391,0.2508658351356561,4.9,1.83,3.45,luckia,betano,betano,0.0,0.0,1.0,0.0,0.0,0,0.0,0.0,0.0,,,,,,,,,,,,,,,,0.0,0.0,0.0,,,
17-02-2021,Burnley,Fulham,2411,0.3035443170291579,0.3779776262768344,0.3184780566940077,2.9,2.6,3.15,luckia,luckia,betano,0.0,0.0,1.0,0.0,0.0,0,0.0,0.0,0.0,,,,,,,,,,,,,,,,0.0,0.0,0.0,,,
17-02-2021,Oostende,Genk,1832,0.3877992721165635,0.3243313603928091,0.2878693674906275,2.35,2.65,3.7,luckia,luckia,betano,1.0,0.0,0.0,0.0,0.0,0,0.0,0.0,0.0,,,,,,,,,,,,,,,,0.0,0.0,0.0,,,
17-02-2021,Marseille,Nice,1843,0.3909324095127823,0.2889429039541008,0.3201246865331169,2.25,3.15,3.25,luckia,luckia,betano,1.0,0.0,0.0,0.0,0.0,0,0.0,0.0,0.0,,,,,,,,,,,,,,,,0.0,0.0,0.0,,,
17-02-2021,Everton,Manchester City,2411,0.1344706956360255,0.6839056893292479,0.1816236150347264,9.5,1.33,5.5,betano,betano,luckia,0.0,1.0,0.0,0.0,0.0,0,0.0,0.0,0.0,,,,,,,,,,,,,,,,0.0,0.0,0.0,,,
17-02-2021,Santos,Corinthians,2105,0.363861546356957,0.273689938021827,0.362448515621216,2.3,3.15,3.25,betano,betano,luckia,1.0,0.0,0.0,0.0,0.0,0,0.0,0.0,0.0,,,,,,,,,,,,,,,,0.0,0.0,0.0,,,
17-02-2021,Coritiba,Palmeiras,2105,0.1921562576806586,0.5429490495046345,0.2648946928147069,5.8,1.6,3.7,betano,betano,luckia,1.0,0.0,0.0,0.0,0.0,0,0.0,0.0,0.0,,,,,,,,,,,,,,,,0.0,0.0,0.0,,,
17-02-2021,Mansfield,Bolton,2414,0.440397350243835,0.2737939266115696,0.2858087231445955,1.001,1.001,1.001,,,,0.0,1.0,0.0,0.0,0.0,0,0.0,0.0,0.0,,,,,,,,,,,,,,,,0.0,0.0,0.0,,,
17-02-2021,Wigan,Hull,2413,0.2070164225493201,0.5641847028368494,0.2287988746138305,4.75,1.64,3.75,luckia,luckia,luckia,0.0,1.0,0.0,0.0,0.0,0,0.0,0.0,0.0,,,,,,,,,,,,,,,,0.0,0.0,0.0,,,
17-02-2021,Millwall,Birmingham,2412,0.3825731480993462,0.2905651261820525,0.3268617257186014,2.05,4.05,2.9,luckia,luckia,luckia,1.0,0.0,0.0,0.0,0.0,0,0.0,0.0,0.0,,,,,,,,,,,,,,,,0.0,0.0,0.0,,,
17-02-2021,Swansea,Nottingham,2412,0.3953853930571942,0.2743965207683985,0.3302180861744071,1.95,4.1,3.15,luckia,luckia,luckia,1.0,0.0,0.0,0.0,0.0,0,0.0,0.0,0.0,,,,,,,,,,,,,,,,0.0,0.0,0.0,,,
17-02-2021,Doncaster,Accrington,2413,0.3686177233777774,0.3182074494052916,0.3131748272169311,2.4,2.9,3.0,luckia,luckia,luckia,0.0,1.0,0.0,0.0,0.0,0,0.0,0.0,0.0,,,,,,,,,,,,,,,,0.0,0.0,0.0,,,
17-02-2021,QPR,Brentford,2412,0.2340544858901513,0.5044062633137878,0.2615392507960609,3.9,1.88,3.45,luckia,betano,luckia,1.0,0.0,0.0,0.0,0.0,0,0.0,0.0,0.0,,,,,,,,,,,,,,,,0.0,0.0,0.0,,,
17-02-2021,Coventry,Norwich,2412,0.2097191265192538,0.5511325170143337,0.2391483564664125,4.7,1.75,3.6,luckia,betano,luckia,0.0,1.0,0.0,0.0,0.0,0,0.0,0.0,0.0,,,,,,,,,,,,,,,,0.0,0.0,0.0,,,
17-02-2021,Barnsley,Blackburn,2412,0.318827846689116,0.3596880254908183,0.3214841278200657,2.55,2.7,3.2,luckia,luckia,luckia,1.0,0.0,0.0,0.0,0.0,0,0.0,0.0,0.0,,,,,,,,,,,,,,,,0.0,0.0,0.0,,,
17-02-2021,Sevilla,Dortmund,1818,0.3140002259540617,0.3831667662770375,0.3028330077689008,2.32,3.05,3.45,betano,betano,betano,0.0,1.0,0.0,0.0,0.0,0,0.0,0.0,0.0,,,,,,,,,,,,,,,,0.0,0.0,0.0,,,
17-02-2021,FC Porto,Juventus,1818,0.2194352990330036,0.5266289758748013,0.253935725092195,4.61,2.05,3.38,betano,betano,betano,1.0,0.0,0.0,0.0,0.0,0,0.0,0.0,0.0,,,,,,,,,,,,,,,,0.0,0.0,0.0,,,
17-02-2021,Bournemouth,Rotherham,2412,0.4761930872299963,0.2351586357221257,0.2886482770478779,1.72,4.65,3.65,betano,luckia,betano,1.0,0.0,0.0,0.0,0.0,0,0.0,0.0,0.0,,,,,,,,,,,,,,,,0.0,0.0,0.0,,,
17-02-2021,Vitoria Guimaraes,SC Farense,1864,0.422181050456008,0.2588947905727996,0.3189241589711925,1.95,4.35,3.3,betano,betano,betano,0.0,0.0,1.0,0.0,0.0,0,0.0,0.0,0.0,,,,,,,,,,,,,,,,0.0,0.0,0.0,,,
18-02-2021,Dyn. Kyiv,Club Brugge KV,1820,0.3688945653253534,0.3342437204913336,0.296861714183313,2.65,2.6,3.15,betano,betano,betano,0.0,0.0,1.0,0.0,0.0,0,0.0,0.0,0.0,,,,,,,,,,,,,,,,0.0,0.0,0.0,,,
18-02-2021,Wolfsberger AC,Tottenham,1820,0.1520190657731923,0.6497183010298144,0.1982626331969931,8.25,1.35,4.55,betano,betano,betano,0.0,1.0,0.0,0.0,0.0,0,0.0,0.0,0.0,,,,,,,,,,,,,,,,0.0,0.0,0.0,,,
18-02-2021,Real Sociedad,Manchester Utd,1820,0.3020224532203742,0.4032131337422397,0.2947644130373861,2.95,2.47,3.25,betano,betano,betano,0.0,1.0,0.0,0.0,0.0,0,0.0,0.0,0.0,,,,,,,,,,,,,,,,0.0,0.0,0.0,,,
18-02-2021,Olympiacos Piraeus,PSV,1820,0.3982894931666661,0.2980292790930824,0.3036812277402515,1.001,1.001,1.001,,,,1.0,0.0,0.0,0.0,0.0,0,0.0,0.0,0.0,,,,,,,,,,,,,,,,0.0,0.0,0.0,,,
18-02-2021,Krasnodar,D. Zagreb,1820,0.4067821737021846,0.2981943618343043,0.2950234644635112,2.2,3.15,3.25,betano,betano,betano,0.0,1.0,0.0,0.0,0.0,0,0.0,0.0,0.0,,,,,,,,,,,,,,,,0.0,0.0,0.0,,,
18-02-2021,FK Crvena zvezda,AC Milan,1820,0.2717966222902495,0.4623475391548554,0.2658558385548951,1.001,1.001,1.001,,,,0.0,0.0,1.0,0.0,0.0,0,0.0,0.0,0.0,,,,,,,,,,,,,,,,0.0,0.0,0.0,,,
18-02-2021,Young Boys,Bayer Leverkusen,1820,0.3012941227328591,0.4179842903280077,0.2807215869391333,3.05,2.12,3.6,betano,betano,betano,1.0,0.0,0.0,0.0,0.0,0,0.0,0.0,0.0,,,,,,,,,,,,,,,,0.0,0.0,0.0,,,
18-02-2021,Braga,AS Roma,1820,0.2746082833717679,0.4509286015916029,0.2744631150366292,3.88,2.08,3.82,betano,betano,betano,0.0,1.0,0.0,0.0,0.0,0,0.0,0.0,0.0,,,,,,,,,,,,,,,,0.0,0.0,0.0,,,
18-02-2021,Slavia Prague,Leicester,1820,0.2740090902405172,0.4476166237540236,0.2783742860054594,3.35,2.1,3.25,betano,betano,betano,0.0,0.0,1.0,0.0,0.0,0,0.0,0.0,0.0,,,,,,,,,,,,,,,,0.0,0.0,0.0,,,
18-02-2021,Maccabi Tel Aviv,Shakhtar Donetsk,1820,0.2621906276713913,0.4424876480889832,0.2953217242396254,3.65,2.02,3.2,betano,betano,betano,0.0,1.0,0.0,0.0,0.0,0,0.0,0.0,0.0,,,,,,,,,,,,,,,,0.0,0.0,0.0,,,
18-02-2021,Salzburg,Villarreal,1820,0.3527841240672845,0.3537788245444952,0.2934370513882203,2.42,2.7,3.35,betano,betano,betano,0.0,1.0,0.0,0.0,0.0,0,0.0,0.0,0.0,,,,,,,,,,,,,,,,0.0,0.0,0.0,,,
18-02-2021,Benfica,Arsenal,1820,0.284618455313989,0.434586039123679,0.2807955055623319,3.42,2.3,3.66,betano,betano,betano,0.0,0.0,1.0,0.0,0.0,0,0.0,0.0,0.0,,,,,,,,,,,,,,,,0.0,0.0,0.0,,,
18-02-2021,Molde,Hoffenheim,1820,0.1992088274750193,0.5722499545843807,0.2285412179406002,6.1,1.47,4.2,betano,betano,betano,0.0,0.0,1.0,0.0,0.0,0,0.0,0.0,0.0,,,,,,,,,,,,,,,,0.0,0.0,0.0,,,
18-02-2021,Antwerp,Rangers,1820,0.2418789692326961,0.4805643962310703,0.2775566345362336,4.2,1.83,3.4,betano,betano,betano,0.0,1.0,0.0,0.0,0.0,0,0.0,0.0,0.0,,,,,,,,,,,,,,,,0.0,0.0,0.0,,,
18-02-2021,Lille,Ajax,1820,0.3330423375079345,0.3654432105412003,0.3015144519508651,2.55,2.67,3.2,betano,betano,betano,0.0,1.0,0.0,0.0,0.0,0,0.0,0.0,0.0,,,,,,,,,,,,,,,,0.0,0.0,0.0,,,
18-02-2021,Granada CF,Napoli,1820,0.2731243246064088,0.4303681252099014,0.2965075501836898,3.25,2.22,3.45,betano,betano,betano,1.0,0.0,0.0,0.0,0.0,0,0.0,0.0,0.0,,,,,,,,,,,,,,,,0.0,0.0,0.0,,,
19-02-2021,Basaksehir,Trabzonspor,1882,0.405542556710008,0.2989880720584352,0.2954693712315569,2.25,3.05,3.2,luckia,luckia,betano,0.0,1.0,0.0,0.0,0.0,0,0.0,0.0,0.0,,,,,,,,,,,,,,,,0.0,0.0,0.0,,,
19-02-2021,Fiorentina,Spezia,1854,0.4728983531821828,0.2410671812535458,0.2860344655642714,2.02,4.2,3.3,betano,betano,betano,1.0,0.0,0.0,0.0,0.0,0,0.0,0.0,0.0,,,,,,,,,,,,,,,,0.0,0.0,0.0,,,
19-02-2021,Aue,Bochum,1846,0.2587168867031455,0.4767039902819851,0.2645791230148694,4.15,1.78,3.65,luckia,betano,luckia,1.0,0.0,0.0,0.0,0.0,0,0.0,0.0,0.0,,,,,,,,,,,,,,,,0.0,0.0,0.0,,,
19-02-2021,Braunschweig,Regensburg,1846,0.3518130030602403,0.3431483314868461,0.3050386654529135,3.05,2.25,3.2,luckia,luckia,betano,1.0,0.0,0.0,0.0,0.0,0,0.0,0.0,0.0,,,,,,,,,,,,,,,,0.0,0.0,0.0,,,
19-02-2021,Aalborg,Midtjylland,1837,0.2109525634762543,0.5467956185144073,0.2422518180093384,4.85,1.64,3.6,luckia,luckia,luckia,0.0,1.0,0.0,0.0,0.0,0,0.0,0.0,0.0,,,,,,,,,,,,,,,,0.0,0.0,0.0,,,
19-02-2021,Willem II,Utrecht,1849,0.2017981333427283,0.568392014877852,0.2298098517794197,5.25,1.53,4.4,luckia,betano,luckia,0.0,1.0,0.0,0.0,0.0,0,0.0,0.0,0.0,,,,,,,,,,,,,,,,0.0,0.0,0.0,,,
19-02-2021,Arminia Bielefeld,Wolfsburg,1845,0.173508042853531,0.6048861826708352,0.2216057744756339,5.6,1.65,3.8,betano,betano,luckia,0.0,1.0,0.0,0.0,0.0,0,0.0,0.0,0.0,,,,,,,,,,,,,,,,0.0,0.0,0.0,,,
19-02-2021,KV Mechelen,Gent,1832,0.2721879778756676,0.4382183280706147,0.2895936940537178,3.25,2.07,3.45,luckia,betano,luckia,0.0,0.0,1.0,0.0,0.0,0,0.0,0.0,0.0,,,,,,,,,,,,,,,,0.0,0.0,0.0,,,
19-02-2021,Cagliari,Torino,1854,0.2992387491609506,0.3895916663462946,0.3111695844927547,2.75,2.55,3.3,luckia,luckia,luckia,0.0,1.0,0.0,0.0,0.0,0,0.0,0.0,0.0,,,,,,,,,,,,,,,,0.0,0.0,0.0,,,
19-02-2021,Watford,Derby,2412,0.4580080949825061,0.234203211756863,0.307788693260631,1.82,4.7,3.3,betano,luckia,luckia,1.0,0.0,0.0,0.0,0.0,0,0.0,0.0,0.0,,,,,,,,,,,,,,,,0.0,0.0,0.0,,,
19-02-2021,Wolves,Leeds,2411,0.3904712398171864,0.3011187881068562,0.3084099720759574,2.3,3.1,3.3,luckia,luckia,luckia,1.0,0.0,0.0,0.0,0.0,0,0.0,0.0,0.0,,,,,,,,,,,,,,,,0.0,0.0,0.0,,,
19-02-2021,Ponferradina,Mirandes,1871,0.3377008404793932,0.3162254393150334,0.3460737202055733,3.0,2.5,2.8,luckia,luckia,luckia,1.0,0.0,0.0,0.0,0.0,0,0.0,0.0,0.0,,,,,,,,,,,,,,,,0.0,0.0,0.0,,,
19-02-2021,Betis,Getafe,1869,0.4530235236241139,0.2306683625052074,0.3163081138706788,2.05,4.05,3.15,luckia,luckia,betano,1.0,0.0,0.0,0.0,0.0,0,0.0,0.0,0.0,,,,,,,,,,,,,,,,0.0,0.0,0.0,,,
19-02-2021,Brest,Lyon,1843,0.1690772000933305,0.6218467337940743,0.2090760661125953,5.75,1.52,4.45,luckia,betano,betano,0.0,1.0,0.0,0.0,0.0,0,0.0,0.0,0.0,,,,,,,,,,,,,,,,0.0,0.0,0.0,,,
19-02-2021,Frosinone,Pescara,1856,0.4257996337903454,0.2446054363374318,0.3295949298722229,1.9,4.1,3.05,betano,betano,betano,0.0,0.0,1.0,0.0,0.0,0,0.0,0.0,0.0,,,,,,,,,,,,,,,,0.0,0.0,0.0,,,
19-02-2021,Boavista,Moreirense,1864,0.3572638064632616,0.3027952788691855,0.3399409146675529,2.3,3.55,3.1,betano,luckia,betano,1.0,0.0,0.0,0.0,0.0,0,0.0,0.0,0.0,,,,,,,,,,,,,,,,0.0,0.0,0.0,,,
20-02-2021,Cittadella,Reggiana,1856,0.6513509728967295,0.1291848363107031,0.2194641907925673,1.52,6.1,3.6,betano,betano,betano,0.0,1.0,0.0,0.0,0.0,0,0.0,0.0,0.0,,,,,,,,,,,,,,,,0.0,0.0,0.0,,,
20-02-2021,Venezia,Entella,1856,0.5161143293457657,0.199251963266054,0.2846337073881802,1.8,4.45,3.1,betano,betano,betano,1.0,0.0,0.0,0.0,0.0,0,0.0,0.0,0.0,,,,,,,,,,,,,,,,0.0,0.0,0.0,,,
20-02-2021,Brescia,Cremonese,1856,0.366053533453624,0.3302498734830617,0.3036965930633143,2.82,2.4,3.05,betano,betano,betano,0.0,1.0,0.0,0.0,0.0,0,0.0,0.0,0.0,,,,,,,,,,,,,,,,0.0,0.0,0.0,,,
20-02-2021,Denizlispor,Genclerbirligi,1882,0.4488373769058522,0.2637350836293013,0.2874275394648464,2.15,3.25,3.05,betano,betano,betano,1.0,0.0,0.0,0.0,0.0,0,0.0,0.0,0.0,,,,,,,,,,,,,,,,0.0,0.0,0.0,,,
20-02-2021,Yeni Malatyaspor,Konyaspor,1882,0.427612669395008,0.2796984698638966,0.2926888607410953,2.3,3.05,3.0,betano,betano,betano,0.0,1.0,0.0,0.0,0.0,0,0.0,0.0,0.0,,,,,,,,,,,,,,,,0.0,0.0,0.0,,,
20-02-2021,Ascoli,Salernitana,1856,0.4044933160529362,0.2861665002559495,0.3093401836911142,2.35,2.95,2.95,betano,betano,betano,0.0,1.0,0.0,0.0,0.0,0,0.0,0.0,0.0,,,,,,,,,,,,,,,,0.0,0.0,0.0,,,
20-02-2021,Elche,Eibar,1869,0.2743498549285696,0.4287059331528107,0.2969442119186197,3.5,2.15,3.05,betano,betano,betano,1.0,0.0,0.0,0.0,0.0,0,0.0,0.0,0.0,,,,,,,,,,,,,,,,0.0,0.0,0.0,,,
20-02-2021,Gillingham,Bristol Rovers,2413,0.4670892352867465,0.2504301233386412,0.2824806413746124,2.02,2.87,3.0,betano,betano,betano,1.0,0.0,0.0,0.0,0.0,0,0.0,0.0,0.0,,,,,,,,,,,,,,,,0.0,0.0,0.0,,,
20-02-2021,Valenciennes,Troyes,1844,0.2397441901886331,0.5102755423054001,0.2499802675059667,3.65,1.65,3.3,betano,betano,betano,0.0,0.0,1.0,0.0,0.0,0,0.0,0.0,0.0,,,,,,,,,,,,,,,,0.0,0.0,0.0,,,
20-02-2021,Lazio,Sampdoria,1854,0.5824606346076286,0.1680735265465104,0.2494658388458611,1.65,4.6,3.85,betano,betano,betano,1.0,0.0,0.0,0.0,0.0,0,0.0,0.0,0.0,,,,,,,,,,,,,,,,0.0,0.0,0.0,,,
20-02-2021,FC Koln,Stuttgart,1845,0.2707633675996688,0.4637814132077289,0.2654552191926023,3.3,2.02,3.5,betano,betano,betano,0.0,1.0,0.0,0.0,0.0,0,0.0,0.0,0.0,,,,,,,,,,,,,,,,0.0,0.0,0.0,,,
20-02-2021,Eintracht Frankfurt,Bayern Munich,1845,0.223762288864509,0.5369220771078858,0.2393156340276053,3.95,1.72,4.05,betano,betano,betano,1.0,0.0,0.0,0.0,0.0,0,0.0,0.0,0.0,,,,,,,,,,,,,,,,0.0,0.0,0.0,,,
20-02-2021,Freiburg,Union Berlin,1845,0.3622538138811942,0.3319546394810842,0.3057915466377216,2.4,2.92,3.1,betano,betano,betano,0.0,1.0,0.0,0.0,0.0,0,0.0,0.0,0.0,,,,,,,,,,,,,,,,0.0,0.0,0.0,,,
20-02-2021,B. Monchengladbach,Mainz,1845,0.5566833305136699,0.1838033894501171,0.2595132800362129,1.001,1.001,1.001,,,,0.0,1.0,0.0,0.0,0.0,0,0.0,0.0,0.0,,,,,,,,,,,,,,,,0.0,0.0,0.0,,,
20-02-2021,Accrington,Shrewsbury,2413,0.3970778906972727,0.2882917971360069,0.3146303121667203,2.2,2.65,2.87,betano,betano,betano,0.0,0.0,1.0,0.0,0.0,0,0.0,0.0,0.0,,,,,,,,,,,,,,,,0.0,0.0,0.0,,,
20-02-2021,Stevenage,Walsall,2414,0.3820137246456867,0.3137135686616154,0.3042727066926978,1.001,1.001,1.001,,,,0.0,0.0,1.0,0.0,0.0,0,0.0,0.0,0.0,,,,,,,,,,,,,,,,0.0,0.0,0.0,,,
20-02-2021,Tranmere,Oldham,2414,0.475336596165629,0.2473791687309172,0.277284235103454,1.001,1.001,1.001,,,,0.0,0.0,1.0,0.0,0.0,0,0.0,0.0,0.0,,,,,,,,,,,,,,,,0.0,0.0,0.0,,,
20-02-2021,Crawley,Colchester,2414,0.4575111833787502,0.2602571055245189,0.2822317110967307,1.001,1.001,1.001,,,,1.0,0.0,0.0,0.0,0.0,0,0.0,0.0,0.0,,,,,,,,,,,,,,,,0.0,0.0,0.0,,,
20-02-2021,Espanyol,Sabadell,1871,0.7188567349644378,0.09901485321773318,0.182128411817829,1.42,7.4,3.9,betano,betano,betano,1.0,0.0,0.0,0.0,0.0,0,0.0,0.0,0.0,,,,,,,,,,,,,,,,0.0,0.0,0.0,,,
20-02-2021,Ipswich,Oxford Utd,2413,0.3000116299648451,0.406061924829836,0.293926445205319,2.92,2.05,2.87,betano,betano,betano,0.0,0.0,1.0,0.0,0.0,0,0.0,0.0,0.0,,,,,,,,,,,,,,,,0.0,0.0,0.0,,,
20-02-2021,Nottingham,Blackburn,2412,0.3736088503309488,0.3213682093594002,0.3050229403096509,2.47,2.7,3.1,betano,betano,betano,1.0,0.0,0.0,0.0,0.0,0,0.0,0.0,0.0,,,,,,,,,,,,,,,,0.0,0.0,0.0,,,
20-02-2021,Norwich,Rotherham,2412,0.6322053889987419,0.1396188268430369,0.2281757841582213,1.45,6.1,4.05,betano,betano,betano,1.0,0.0,0.0,0.0,0.0,0,0.0,0.0,0.0,,,,,,,,,,,,,,,,0.0,0.0,0.0,,,
20-02-2021,Salford,Carlisle,2414,0.3867819085377616,0.3154830468001522,0.2977350446620862,1.001,1.001,1.001,,,,0.0,0.0,1.0,0.0,0.0,0,0.0,0.0,0.0,,,,,,,,,,,,,,,,0.0,0.0,0.0,,,
20-02-2021,Rochdale,Plymouth,2413,0.316162625492104,0.4089133320761852,0.2749240424317109,3.0,1.9,3.1,betano,betano,betano,0.0,0.0,1.0,0.0,0.0,0,0.0,0.0,0.0,,,,,,,,,,,,,,,,0.0,0.0,0.0,,,
20-02-2021,Peterborough,AFC Wimbledon,2413,0.6618095283868941,0.1253871675364247,0.2128033040766813,1.53,4.45,3.3,betano,betano,betano,1.0,0.0,0.0,0.0,0.0,0,0.0,0.0,0.0,,,,,,,,,,,,,,,,0.0,0.0,0.0,,,
20-02-2021,Southend,Bolton,2414,0.3227503337958256,0.3979489995974206,0.2793006666067539,1.001,1.001,1.001,,,,0.0,1.0,0.0,0.0,0.0,0,0.0,0.0,0.0,,,,,,,,,,,,,,,,0.0,0.0,0.0,,,
20-02-2021,Sheffield Wed,Birmingham,2412,0.3517327077687795,0.340340864806118,0.3079264274251026,2.62,2.72,2.82,betano,betano,betano,0.0,1.0,0.0,0.0,0.0,0,0.0,0.0,0.0,,,,,,,,,,,,,,,,0.0,0.0,0.0,,,
20-02-2021,Wigan,Lincoln,2413,0.2025534923090273,0.5712398374275082,0.2262066702634646,4.35,1.55,3.3,betano,betano,betano,0.0,1.0,0.0,0.0,0.0,0,0.0,0.0,0.0,,,,,,,,,,,,,,,,0.0,0.0,0.0,,,
20-02-2021,Huddersfield,Swansea,2412,0.2838230511479056,0.4296365287025315,0.2865404201495628,3.3,2.12,3.05,betano,betano,betano,1.0,0.0,0.0,0.0,0.0,0,0.0,0.0,0.0,,,,,,,,,,,,,,,,0.0,0.0,0.0,,,
20-02-2021,Chievo,Monza,1856,0.3424485722209282,0.3452782269897295,0.3122732007893421,1.001,1.001,1.001,,,,0.0,1.0,0.0,0.0,0.0,0,0.0,0.0,0.0,,,,,,,,,,,,,,,,0.0,0.0,0.0,,,
20-02-2021,Reading,Middlesbrough,2412,0.3818376668407681,0.3116916689483497,0.3064706642108823,2.37,2.92,2.95,betano,betano,betano,0.0,1.0,0.0,0.0,0.0,0,0.0,0.0,0.0,,,,,,,,,,,,,,,,0.0,0.0,0.0,,,
20-02-2021,QPR,Bournemouth,2412,0.317466768036346,0.3851231601794287,0.2974100717842254,3.0,2.25,3.1,betano,betano,betano,1.0,0.0,0.0,0.0,0.0,0,0.0,0.0,0.0,,,,,,,,,,,,,,,,0.0,0.0,0.0,,,
20-02-2021,Barrow,Morecambe,2414,0.4126067403885142,0.3011977608601241,0.2861954987513618,1.001,1.001,1.001,,,,0.0,1.0,0.0,0.0,0.0,0,0.0,0.0,0.0,,,,,,,,,,,,,,,,0.0,0.0,0.0,,,
20-02-2021,Fleetwood,Charlton,2413,0.3689990397683897,0.3174272520558028,0.3135737081758074,2.37,2.45,2.85,betano,betano,betano,0.0,0.0,1.0,0.0,0.0,0,0.0,0.0,0.0,,,,,,,,,,,,,,,,0.0,0.0,0.0,,,
20-02-2021,Bristol City,Barnsley,2412,0.2677825167258059,0.4619075173439258,0.2703099659302683,3.8,1.93,3.15,betano,betano,betano,0.0,1.0,0.0,0.0,0.0,0,0.0,0.0,0.0,,,,,,,,,,,,,,,,0.0,0.0,0.0,,,
20-02-2021,Leyton Orient,Port Vale,2414,0.4371817084468001,0.2781831650859335,0.2846351264672664,1.001,1.001,1.001,,,,0.0,0.0,1.0,0.0,0.0,0,0.0,0.0,0.0,,,,,,,,,,,,,,,,0.0,0.0,0.0,,,
20-02-2021,Aberdeen,Kilmarnock,2417,0.502508049001986,0.2218041550132621,0.2756877959847519,1.74,4.95,3.25,luckia,luckia,luckia,1.0,0.0,0.0,0.0,0.0,0,0.0,0.0,0.0,,,,,,,,,,,,,,,,0.0,0.0,0.0,,,
20-02-2021,Motherwell,St Johnstone,2417,0.2525967105161672,0.4727588058218211,0.2746444836620116,4.05,1.86,3.3,luckia,luckia,luckia,0.0,1.0,0.0,0.0,0.0,0,0.0,0.0,0.0,,,,,,,,,,,,,,,,0.0,0.0,0.0,,,
20-02-2021,St. Mirren,Livingston,2417,0.3570155577315751,0.3286255092417046,0.3143589330267204,2.85,2.7,2.75,luckia,luckia,luckia,0.0,0.0,1.0,0.0,0.0,0,0.0,0.0,0.0,,,,,,,,,,,,,,,,0.0,0.0,0.0,,,
20-02-2021,Burnley,West Brom,2411,0.4444231872302029,0.2602203067667445,0.2953565060030526,2.0,3.7,3.25,betano,betano,betano,0.0,0.0,1.0,0.0,0.0,0,0.0,0.0,0.0,,,,,,,,,,,,,,,,0.0,0.0,0.0,,,
20-02-2021,Millwall,Wycombe,2412,0.5107903155843763,0.2162847409694454,0.2729249434461784,1.75,4.25,3.4,betano,betano,betano,0.0,0.0,1.0,0.0,0.0,0,0.0,0.0,0.0,,,,,,,,,,,,,,,,0.0,0.0,0.0,,,
20-02-2021,MK Dons,Northampton,2413,0.5937688503328941,0.1589409910520139,0.247290158615092,1.62,4.1,3.1,betano,betano,betano,1.0,0.0,0.0,0.0,0.0,0,0.0,0.0,0.0,,,,,,,,,,,,,,,,0.0,0.0,0.0,,,
20-02-2021,Mansfield,Cambridge Utd,2414,0.4625531057695877,0.2567387703080567,0.2807081239223557,1.001,1.001,1.001,,,,0.0,1.0,0.0,0.0,0.0,0,0.0,0.0,0.0,,,,,,,,,,,,,,,,0.0,0.0,0.0,,,
20-02-2021,Cheltenham,Bradford City,2414,0.5260904611671429,0.2050427289332293,0.2688668098996279,1.001,1.001,1.001,,,,0.0,1.0,0.0,0.0,0.0,0,0.0,0.0,0.0,,,,,,,,,,,,,,,,0.0,0.0,0.0,,,
20-02-2021,Cardiff,Preston,2412,0.4640472052262263,0.2528872479912099,0.2830655467825638,1.98,3.65,3.1,betano,betano,betano,1.0,0.0,0.0,0.0,0.0,0,0.0,0.0,0.0,,,,,,,,,,,,,,,,0.0,0.0,0.0,,,
20-02-2021,Burton,Sunderland,2413,0.2547429398107786,0.4896250599299244,0.2556320002592971,3.5,1.83,2.87,betano,betano,betano,0.0,1.0,0.0,0.0,0.0,0,0.0,0.0,0.0,,,,,,,,,,,,,,,,0.0,0.0,0.0,,,
20-02-2021,Hibernian,Hamilton,2417,0.6469768172141326,0.1325171415467747,0.2205060412390928,1.34,7.5,4.5,luckia,luckia,luckia,1.0,0.0,0.0,0.0,0.0,0,0.0,0.0,0.0,,,,,,,,,,,,,,,,0.0,0.0,0.0,,,
20-02-2021,Portsmouth,Blackpool,2413,0.5003613168102695,0.2230343992338738,0.2766042839558568,1.87,3.1,3.1,betano,betano,betano,0.0,1.0,0.0,0.0,0.0,0,0.0,0.0,0.0,,,,,,,,,,,,,,,,0.0,0.0,0.0,,,
20-02-2021,Swindon,Crewe,2413,0.2819512115480814,0.4346691937288116,0.283379594723107,3.1,1.88,3.05,betano,betano,betano,1.0,0.0,0.0,0.0,0.0,0,0.0,0.0,0.0,,,,,,,,,,,,,,,,0.0,0.0,0.0,,,
20-02-2021,Doncaster,Hull,2413,0.2783347712085518,0.4476672428735257,0.2739979859179225,3.25,1.93,2.82,betano,betano,betano,0.0,0.0,1.0,0.0,0.0,0,0.0,0.0,0.0,,,,,,,,,,,,,,,,0.0,0.0,0.0,,,
20-02-2021,Stoke,Luton,2412,0.4037996168038738,0.2883282869160468,0.3078720962800793,2.2,3.45,2.82,betano,betano,betano,1.0,0.0,0.0,0.0,0.0,0,0.0,0.0,0.0,,,,,,,,,,,,,,,,0.0,0.0,0.0,,,
20-02-2021,Eupen,Oostende,1832,0.3783681851020027,0.3297103675016064,0.2919214473963909,2.57,2.45,3.3,betano,betano,betano,0.0,0.0,1.0,0.0,0.0,0,0.0,0.0,0.0,,,,,,,,,,,,,,,,0.0,0.0,0.0,,,
20-02-2021,Atl. Madrid,Levante,1869,0.6634901597898387,0.1240531256734072,0.2124567145367542,1.52,6.6,3.65,betano,betano,betano,0.0,1.0,0.0,0.0,0.0,0,0.0,0.0,0.0,,,,,,,,,,,,,,,,0.0,0.0,0.0,,,
20-02-2021,Belenenses,Nacional,1864,0.3818119108705349,0.2862922336767166,0.3318958554527483,2.22,3.9,3.15,betano,luckia,betano,1.0,0.0,0.0,0.0,0.0,0,0.0,0.0,0.0,,,,,,,,,,,,,,,,0.0,0.0,0.0,,,
20-02-2021,Austria Vienna,Altach,1827,0.4370466427614631,0.2714613359819675,0.2914920212565695,1.72,3.45,3.25,betano,betano,betano,1.0,0.0,0.0,0.0,0.0,0,0.0,0.0,0.0,,,,,,,,,,,,,,,,0.0,0.0,0.0,,,
20-02-2021,Hartberg,Ried,1827,0.3313171418026928,0.3638489374178602,0.304833920779447,1.001,1.001,1.001,,,,0.0,0.0,1.0,0.0,0.0,0,0.0,0.0,0.0,,,,,,,,,,,,,,,,0.0,0.0,0.0,,,
20-02-2021,Tirol,St. Polten,1827,0.443834655225237,0.273495083283377,0.282670261491386,1.7,3.4,3.4,betano,betano,betano,0.0,1.0,0.0,0.0,0.0,0,0.0,0.0,0.0,,,,,,,,,,,,,,,,0.0,0.0,0.0,,,
20-02-2021,Nantes,Marseille,1843,0.3702882449018176,0.3151375794201666,0.3145741756780158,2.47,2.75,3.2,betano,betano,betano,0.0,0.0,1.0,0.0,0.0,0,0.0,0.0,0.0,,,,,,,,,,,,,,,,0.0,0.0,0.0,,,
20-02-2021,Alanyaspor,Galatasaray,1882,0.3300363860153867,0.366428609023665,0.3035350049609484,2.65,2.4,3.25,betano,betano,betano,0.0,1.0,0.0,0.0,0.0,0,0.0,0.0,0.0,,,,,,,,,,,,,,,,0.0,0.0,0.0,,,
20-02-2021,Genoa,Verona,1854,0.3162213561507024,0.3652275643288619,0.3185510795204357,2.8,2.7,2.85,betano,betano,betano,0.0,0.0,1.0,0.0,0.0,0,0.0,0.0,0.0,,,,,,,,,,,,,,,,0.0,0.0,0.0,,,
20-02-2021,Pisa,Empoli,1856,0.3190860910737239,0.3863780398451716,0.2945358690811046,3.05,2.18,3.2,betano,betano,betano,0.0,0.0,1.0,0.0,0.0,0,0.0,0.0,0.0,,,,,,,,,,,,,,,,0.0,0.0,0.0,,,
20-02-2021,Albacete,Gijon,1871,0.325096954893368,0.3279281561476842,0.3469748889589477,3.4,2.22,2.82,betano,betano,betano,0.0,1.0,0.0,0.0,0.0,0,0.0,0.0,0.0,,,,,,,,,,,,,,,,0.0,0.0,0.0,,,
20-02-2021,Gil Vicente,Santa Clara,1864,0.3483260607107585,0.3130293798834712,0.3386445594057702,2.57,3.1,3.05,betano,luckia,betano,1.0,0.0,0.0,0.0,0.0,0,0.0,0.0,0.0,,,,,,,,,,,,,,,,0.0,0.0,0.0,,,
20-02-2021,Valencia,Celta Vigo,1869,0.3982206121982769,0.2902735737910749,0.3115058140106483,2.42,2.87,3.15,betano,betano,betano,1.0,0.0,0.0,0.0,0.0,0,0.0,0.0,0.0,,,,,,,,,,,,,,,,0.0,0.0,0.0,,,
20-02-2021,Mouscron,Cercle Brugge KSV,1832,0.301445161336548,0.3844560852747962,0.3140987533886558,2.77,2.3,3.3,betano,betano,betano,0.0,1.0,0.0,0.0,0.0,0,0.0,0.0,0.0,,,,,,,,,,,,,,,,0.0,0.0,0.0,,,
20-02-2021,Schalke,Dortmund,1845,0.1335708025161993,0.6899356524528594,0.1764935450309413,10.0,1.31,5.5,betano,betano,betano,0.0,1.0,0.0,0.0,0.0,0,0.0,0.0,0.0,,,,,,,,,,,,,,,,0.0,0.0,0.0,,,
20-02-2021,Liverpool,Everton,2411,0.6703472771985202,0.1215568319619041,0.2080958908395756,1.47,6.7,4.6,betano,betano,betano,0.0,1.0,0.0,0.0,0.0,0,0.0,0.0,0.0,,,,,,,,,,,,,,,,0.0,0.0,0.0,,,
20-02-2021,FC Emmen,Zwolle,1849,0.3236616650153475,0.3655631535508517,0.3107751814338008,3.05,2.07,3.45,betano,betano,betano,1.0,0.0,0.0,0.0,0.0,0,0.0,0.0,0.0,,,,,,,,,,,,,,,,0.0,0.0,0.0,,,
20-02-2021,Rodez,Toulouse,1844,0.2610594682185019,0.4749151141486329,0.2640254176328654,3.1,1.9,3.0,betano,betano,betano,1.0,0.0,0.0,0.0,0.0,0,0.0,0.0,0.0,,,,,,,,,,,,,,,,0.0,0.0,0.0,,,
20-02-2021,Nancy,Grenoble,1844,0.3714200412922206,0.3239513791047629,0.3046285796030166,1.001,1.001,1.001,,,,0.0,1.0,0.0,0.0,0.0,0,0.0,0.0,0.0,,,,,,,,,,,,,,,,0.0,0.0,0.0,,,
20-02-2021,Niort,Pau FC,1844,0.3864325312460908,0.3102478118420916,0.3033196569118176,2.25,2.67,2.77,betano,betano,betano,1.0,0.0,0.0,0.0,0.0,0,0.0,0.0,0.0,,,,,,,,,,,,,,,,0.0,0.0,0.0,,,
20-02-2021,AC Ajaccio,Clermont,1844,0.2639731700833275,0.446880548949183,0.2891462809674894,3.2,1.93,2.85,betano,betano,betano,0.0,1.0,0.0,0.0,0.0,0,0.0,0.0,0.0,,,,,,,,,,,,,,,,0.0,0.0,0.0,,,
20-02-2021,Amiens,Sochaux,1844,0.3583515110428022,0.3123091308642825,0.3293393580929153,2.47,2.67,2.5,betano,betano,betano,0.0,1.0,0.0,0.0,0.0,0,0.0,0.0,0.0,,,,,,,,,,,,,,,,0.0,0.0,0.0,,,
20-02-2021,Chambly,Auxerre,1844,0.1993349160230339,0.5755096380348865,0.2251554459420795,5.0,1.47,3.3,betano,betano,betano,0.0,1.0,0.0,0.0,0.0,0,0.0,0.0,0.0,,,,,,,,,,,,,,,,0.0,0.0,0.0,,,
20-02-2021,Le Havre,Dunkerque,1844,0.5049039580894115,0.2137574990495339,0.2813385428610545,1.7,4.15,2.87,betano,betano,betano,0.0,0.0,1.0,0.0,0.0,0,0.0,0.0,0.0,,,,,,,,,,,,,,,,0.0,0.0,0.0,,,
20-02-2021,Paris FC,Chateauroux,1844,0.4566751451088684,0.2593783816935561,0.2839464731975755,1.87,3.35,2.87,betano,betano,betano,1.0,0.0,0.0,0.0,0.0,0,0.0,0.0,0.0,,,,,,,,,,,,,,,,0.0,0.0,0.0,,,
20-02-2021,Venlo,AZ Alkmaar,1849,0.1636110432334915,0.6389389125142475,0.1974500442522609,6.6,1.34,5.0,betano,betano,betano,0.0,1.0,0.0,0.0,0.0,0,0.0,0.0,0.0,,,,,,,,,,,,,,,,0.0,0.0,0.0,,,
20-02-2021,Waasland-Beveren,Charleroi,1832,0.2382228752017558,0.5031515670707238,0.2586255577275204,3.8,1.78,3.6,betano,betano,betano,0.0,0.0,1.0,0.0,0.0,0,0.0,0.0,0.0,,,,,,,,,,,,,,,,0.0,0.0,0.0,,,
20-02-2021,Sassuolo,Bologna,1854,0.3934240868298885,0.3009199090519051,0.3056560041182064,2.27,2.92,3.4,betano,betano,betano,0.0,0.0,1.0,0.0,0.0,0,0.0,0.0,0.0,,,,,,,,,,,,,,,,0.0,0.0,0.0,,,
20-02-2021,Valladolid,Real Madrid,1869,0.1781503305192469,0.5990362401519439,0.2228134293288093,5.3,1.6,3.8,betano,betano,betano,0.0,1.0,0.0,0.0,0.0,0,0.0,0.0,0.0,,,,,,,,,,,,,,,,0.0,0.0,0.0,,,
20-02-2021,Fulham,Sheffield Utd,2411,0.4084255802044962,0.2692359557332223,0.3223384640622815,2.1,3.45,3.15,betano,betano,betano,1.0,0.0,0.0,0.0,0.0,0,0.0,0.0,0.0,,,,,,,,,,,,,,,,0.0,0.0,0.0,,,
20-02-2021,Sittard,Den Haag,1849,0.6525881702024489,0.129331759261211,0.2180800705363402,1.52,5.3,3.95,betano,betano,betano,1.0,0.0,0.0,0.0,0.0,0,0.0,0.0,0.0,,,,,,,,,,,,,,,,0.0,0.0,0.0,,,
20-02-2021,Sporting,Portimonense,1864,0.7436943642937487,0.0879554175781601,0.1683502181280913,1.4,9.0,4.8,betano,betano,luckia,1.0,0.0,0.0,0.005621158399100601,0.0,0,0.007869621758740841,0.0,0.0,,,,,,,,,,,,,,,,0.005621158399100601,0.0,0.0,0.0022484633596402404,,
20-02-2021,Coritiba,Ceara,2105,0.2838899203451727,0.3763291829756175,0.3397808966792098,4.1,1.88,3.3,betano,betano,betano,0.0,1.0,0.0,0.0,0.0,0,0.0,0.0,0.0,,,,,,,,,,,,,,,,0.0,0.0,0.0,,,
21-02-2021,Erzurum BB,Hatayspor,1882,0.3785813196136785,0.3298447652022858,0.2915739151840356,3.0,2.3,3.2,luckia,luckia,luckia,0.0,1.0,0.0,0.0,0.0,0,0.0,0.0,0.0,,,,,,,,,,,,,,,,0.0,0.0,0.0,,,
21-02-2021,Twente,Feyenoord,1849,0.3573033216966103,0.3655502385674876,0.2771464397359021,3.25,2.0,3.65,luckia,luckia,luckia,0.0,0.0,1.0,0.0,0.0,0,0.0,0.0,0.0,,,,,,,,,,,,,,,,0.0,0.0,0.0,,,
21-02-2021,Parma,Udinese,1854,0.2857178089648917,0.4172381236698354,0.2970440673652729,3.65,2.1,3.15,luckia,luckia,luckia,0.0,0.0,1.0,0.0,0.0,0,0.0,0.0,0.0,,,,,,,,,,,,,,,,0.0,0.0,0.0,,,
21-02-2021,West Ham,Tottenham,2411,0.382371541323689,0.332215503110073,0.285412955566238,2.85,2.5,3.25,luckia,luckia,luckia,1.0,0.0,0.0,0.0,0.0,0,0.0,0.0,0.0,,,,,,,,,,,,,,,,0.0,0.0,0.0,,,
21-02-2021,Montpellier,Rennes,1843,0.3694577141658673,0.3376348771696631,0.2929074086644697,2.95,2.4,3.4,luckia,luckia,betano,1.0,0.0,0.0,0.0,0.0,0,0.0,0.0,0.0,,,,,,,,,,,,,,,,0.0,0.0,0.0,,,
21-02-2021,Anderlecht,Kortrijk,1832,0.5654408558757202,0.1764601049512457,0.2580990391730341,1.7,5.0,3.6,betano,luckia,luckia,0.0,1.0,0.0,0.0,0.0,0,0.0,0.0,0.0,,,,,,,,,,,,,,,,0.0,0.0,0.0,,,
21-02-2021,Augsburg,Bayer Leverkusen,1845,0.1974858671477172,0.5793092554053829,0.2232048774468998,5.5,1.62,3.9,luckia,betano,luckia,0.0,0.0,1.0,0.0,0.0,0,0.0,0.0,0.0,,,,,,,,,,,,,,,,0.0,0.0,0.0,,,
21-02-2021,Karlsruher,Nurnberg,1846,0.5406295284596846,0.1951397006938075,0.2642307708465078,2.02,3.75,3.2,betano,luckia,betano,0.0,1.0,0.0,0.0,0.0,0,0.0,0.0,0.0,,,,,,,,,,,,,,,,0.0,0.0,0.0,,,
21-02-2021,Wurzburger Kickers,Hamburger SV,1846,0.2425885089591588,0.5073691640143861,0.250042327026455,4.85,1.62,3.85,luckia,betano,luckia,1.0,0.0,0.0,0.0,0.0,0,0.0,0.0,0.0,,,,,,,,,,,,,,,,0.0,0.0,0.0,,,
21-02-2021,Dusseldorf,Hannover,1846,0.4997247058048805,0.2264186294234324,0.2738566647716869,2.25,3.05,3.2,luckia,luckia,luckia,1.0,0.0,0.0,0.0,0.0,0,0.0,0.0,0.0,,,,,,,,,,,,,,,,0.0,0.0,0.0,,,
21-02-2021,Newport,Forest Green,2414,0.4036881252232741,0.3083108362018518,0.2880010385748741,1.001,1.001,1.001,,,,0.0,1.0,0.0,0.0,0.0,0,0.0,0.0,0.0,,,,,,,,,,,,,,,,0.0,0.0,0.0,,,
21-02-2021,Sivasspor,Kayserispor,1882,0.5056553167828812,0.2180545345202261,0.2762901486968928,1.83,4.25,3.35,betano,luckia,luckia,1.0,0.0,0.0,0.0,0.0,0,0.0,0.0,0.0,,,,,,,,,,,,,,,,0.0,0.0,0.0,,,
21-02-2021,Gaziantep,Antalyaspor,1882,0.4471301416942685,0.2586660575163052,0.2942038007894263,2.15,3.6,3.0,luckia,luckia,betano,0.0,0.0,1.0,0.0,0.0,0,0.0,0.0,0.0,,,,,,,,,,,,,,,,0.0,0.0,0.0,,,
21-02-2021,Horsens,Odense,1837,0.3070464887078856,0.3952597654073512,0.2976937458847633,3.6,2.05,3.2,luckia,luckia,luckia,0.0,0.0,1.0,0.0,0.0,0,0.0,0.0,0.0,,,,,,,,,,,,,,,,0.0,0.0,0.0,,,
21-02-2021,Leganes,Tenerife,1871,0.4184072161225381,0.2472431978113604,0.3343495860661016,2.25,3.7,2.8,luckia,luckia,betano,1.0,0.0,0.0,0.0,0.0,0,0.0,0.0,0.0,,,,,,,,,,,,,,,,0.0,0.0,0.0,,,
21-02-2021,Barcelona,Cadiz CF,1869,0.844416951968752,0.04979419676662448,0.1057888512646236,1.15,17.0,8.25,betano,betano,luckia,0.0,0.0,1.0,0.0,0.0,0,0.0,0.0,0.0,,,,,,,,,,,,,,,,0.0,0.0,0.0,,,
21-02-2021,Randers FC,Nordsjaelland,1837,0.5065099599793137,0.2188315784233658,0.2746584615973206,1.86,3.9,3.35,luckia,luckia,luckia,0.0,0.0,1.0,0.0,0.0,0,0.0,0.0,0.0,,,,,,,,,,,,,,,,0.0,0.0,0.0,,,
21-02-2021,Heerenveen,Groningen,1849,0.4605610619680164,0.2568057388882054,0.2826331991437782,2.3,2.87,3.45,luckia,betano,luckia,0.0,0.0,1.0,0.0,0.0,0,0.0,0.0,0.0,,,,,,,,,,,,,,,,0.0,0.0,0.0,,,
21-02-2021,Admira,LASK,1827,0.1132727313564955,0.7266015393041126,0.1601257293393918,7.75,1.29,5.5,luckia,luckia,luckia,0.0,1.0,0.0,0.0,0.0,0,0.0,0.0,0.0,,,,,,,,,,,,,,,,0.0,0.0,0.0,,,
21-02-2021,Sturm Graz,Wolfsberger AC,1827,0.3790403019254689,0.3258032963654833,0.2951564017090477,2.2,3.15,3.15,luckia,luckia,luckia,0.0,1.0,0.0,0.0,0.0,0,0.0,0.0,0.0,,,,,,,,,,,,,,,,0.0,0.0,0.0,,,
21-02-2021,Waalwijk,Heracles,1849,0.3366919254383525,0.3609122632643711,0.3023958112972765,3.1,2.12,3.4,luckia,betano,luckia,1.0,0.0,0.0,0.0,0.0,0,0.0,0.0,0.0,,,,,,,,,,,,,,,,0.0,0.0,0.0,,,
21-02-2021,Reggina,Pordenone,1856,0.3835051557716063,0.2936042361446926,0.3228906080837011,2.35,3.0,2.92,betano,betano,betano,1.0,0.0,0.0,0.0,0.0,0,0.0,0.0,0.0,,,,,,,,,,,,,,,,0.0,0.0,0.0,,,
21-02-2021,AC Milan,Inter,1854,0.2458742281032986,0.4980559545871622,0.2560698173095391,3.9,1.9,3.6,luckia,luckia,luckia,0.0,1.0,0.0,0.0,0.0,0,0.0,0.0,0.0,,,,,,,,,,,,,,,,0.0,0.0,0.0,,,
21-02-2021,Nimes,Bordeaux,1843,0.2982384421888819,0.3964536266481358,0.3053079311629823,3.15,2.22,3.3,luckia,betano,luckia,1.0,0.0,0.0,0.0,0.0,0,0.0,0.0,0.0,,,,,,,,,,,,,,,,0.0,0.0,0.0,,,
21-02-2021,Nice,Metz,1843,0.4302768073270101,0.2701791157633498,0.29954407690964,2.2,3.4,3.05,luckia,luckia,luckia,0.0,1.0,0.0,0.0,0.0,0,0.0,0.0,0.0,,,,,,,,,,,,,,,,0.0,0.0,0.0,,,
21-02-2021,Lens,Dijon,1843,0.6350758286179349,0.1377751751752936,0.2271489962067715,1.47,6.8,4.1,betano,betano,luckia,1.0,0.0,0.0,0.0,0.0,0,0.0,0.0,0.0,,,,,,,,,,,,,,,,0.0,0.0,0.0,,,
21-02-2021,Strasbourg,Angers,1843,0.423039751169406,0.2748047109864488,0.3021555378441453,2.25,3.35,3.0,luckia,luckia,luckia,0.0,0.0,1.0,0.0,0.0,0,0.0,0.0,0.0,,,,,,,,,,,,,,,,0.0,0.0,0.0,,,
21-02-2021,Aston Villa,Leicester,2411,0.2684434511235311,0.4581663892916317,0.2733901595848374,3.65,1.98,3.6,luckia,betano,luckia,0.0,1.0,0.0,0.0,0.0,0,0.0,0.0,0.0,,,,,,,,,,,,,,,,0.0,0.0,0.0,,,
21-02-2021,Hertha Berlin,RB Leipzig,1845,0.1938844201649217,0.5811174660353349,0.2249981137997434,5.4,1.6,4.05,betano,luckia,luckia,0.0,1.0,0.0,0.0,0.0,0,0.0,0.0,0.0,,,,,,,,,,,,,,,,0.0,0.0,0.0,,,
21-02-2021,Mallorca,Almeria,1871,0.4783783927587007,0.216530372156899,0.3050912350844003,2.02,3.9,3.0,betano,luckia,luckia,1.0,0.0,0.0,0.0,0.0,0,0.0,0.0,0.0,,,,,,,,,,,,,,,,0.0,0.0,0.0,,,
21-02-2021,Waregem,St. Liege,1832,0.2861335545661505,0.4398342202465881,0.2740322251872614,3.45,1.9,3.75,luckia,luckia,luckia,1.0,0.0,0.0,0.0,0.0,0,0.0,0.0,0.0,,,,,,,,,,,,,,,,0.0,0.0,0.0,,,
21-02-2021,Aarhus,Sonderjyske,1837,0.5242864540907903,0.2057921789306551,0.2699213669785545,1.83,4.0,3.35,luckia,luckia,luckia,1.0,0.0,0.0,0.0,0.0,0,0.0,0.0,0.0,,,,,,,,,,,,,,,,0.0,0.0,0.0,,,
21-02-2021,Rio Ave,Famalicao,1864,0.3764320386579537,0.3042228843071436,0.3193450770349027,2.3,3.3,3.15,luckia,luckia,betano,0.0,1.0,0.0,0.0,0.0,0,0.0,0.0,0.0,,,,,,,,,,,,,,,,0.0,0.0,0.0,,,
21-02-2021,Ferreira,Vitoria Guimaraes,1864,0.3275373809766171,0.3439498069671893,0.3285128120561937,2.8,2.7,3.0,luckia,luckia,luckia,1.0,0.0,0.0,0.0,0.0,0,0.0,0.0,0.0,,,,,,,,,,,,,,,,0.0,0.0,0.0,,,
21-02-2021,Rangers,Dundee Utd,2417,0.7888716623105257,0.07150934248918195,0.1396189952002923,1.17,13.0,6.5,luckia,luckia,luckia,1.0,0.0,0.0,0.0,0.0,0,0.0,0.0,0.0,,,,,,,,,,,,,,,,0.0,0.0,0.0,,,
21-02-2021,Real Sociedad,Alaves,1869,0.6230611141645805,0.1425200460771479,0.2344188397582715,1.55,7.0,3.85,betano,luckia,luckia,1.0,0.0,0.0,0.0,0.0,0,0.0,0.0,0.0,,,,,,,,,,,,,,,,0.0,0.0,0.0,,,
21-02-2021,PSV,Vitesse,1849,0.6297063301466538,0.1406930074484097,0.2296006624049366,1.65,4.65,3.95,betano,luckia,luckia,1.0,0.0,0.0,0.0,0.0,0,0.0,0.0,0.0,,,,,,,,,,,,,,,,0.0,0.0,0.0,,,
21-02-2021,Salzburg,Rapid Vienna,1827,0.5688487269249981,0.1769652651296623,0.2541860079453396,1.54,4.8,4.35,luckia,luckia,luckia,1.0,0.0,0.0,0.0,0.0,0,0.0,0.0,0.0,,,,,,,,,,,,,,,,0.0,0.0,0.0,,,
21-02-2021,Fenerbahce,Goztepe,1882,0.644780560368265,0.1334756553734122,0.2217437842583227,1.62,4.9,3.6,betano,betano,betano,0.0,1.0,0.0,0.0,0.0,0,0.0,0.0,0.0,,,,,,,,,,,,,,,,0.0,0.0,0.0,,,
21-02-2021,Lorient,Lille,1843,0.2178618591133303,0.5273209177976046,0.2548172230890652,4.55,1.8,3.35,luckia,luckia,luckia,0.0,1.0,0.0,0.0,0.0,0,0.0,0.0,0.0,,,,,,,,,,,,,,,,0.0,0.0,0.0,,,
21-02-2021,Arsenal,Manchester City,2411,0.1756701381928706,0.6105605092207812,0.2137693525863482,6.5,1.5,4.5,luckia,betano,luckia,0.0,1.0,0.0,0.0,0.0,0,0.0,0.0,0.0,,,,,,,,,,,,,,,,0.0,0.0,0.0,,,
21-02-2021,Hoffenheim,Werder Bremen,1845,0.385396756242798,0.3171745300382151,0.2974287137189869,2.3,3.0,3.35,luckia,luckia,luckia,1.0,0.0,0.0,0.0,0.0,0,0.0,0.0,0.0,,,,,,,,,,,,,,,,0.0,0.0,0.0,,,
21-02-2021,Atalanta,Napoli,1854,0.5444853780171284,0.1920216003978127,0.2634930215850589,1.75,4.25,3.9,betano,luckia,luckia,1.0,0.0,0.0,0.0,0.0,0,0.0,0.0,0.0,,,,,,,,,,,,,,,,0.0,0.0,0.0,,,
21-02-2021,Brondby,Vejle,1837,0.6068698429980136,0.1522174322516728,0.2409127247503135,1.66,4.75,3.55,luckia,luckia,luckia,1.0,0.0,0.0,0.0,0.0,0,0.0,0.0,0.0,,,,,,,,,,,,,,,,0.0,0.0,0.0,,,
21-02-2021,Girona,Castellon,1871,0.5587702659404072,0.1651890478703853,0.2760406861892074,1.72,5.0,3.3,betano,luckia,luckia,1.0,0.0,0.0,0.0,0.0,0,0.0,0.0,0.0,,,,,,,,,,,,,,,,0.0,0.0,0.0,,,
21-02-2021,Genk,Beerschot VA,1832,0.6133817796581528,0.1495137681206771,0.2371044522211701,1.6,5.25,4.05,betano,luckia,luckia,0.0,1.0,0.0,0.0,0.0,0,0.0,0.0,0.0,,,,,,,,,,,,,,,,0.0,0.0,0.0,,,
21-02-2021,Huesca,Granada CF,1869,0.3945061228247849,0.2689635190194272,0.336530358155788,2.18,3.65,3.1,betano,luckia,luckia,1.0,0.0,0.0,0.0,0.0,0,0.0,0.0,0.0,,,,,,,,,,,,,,,,0.0,0.0,0.0,,,
21-02-2021,Braga,Tondela,1864,0.727456132138525,0.09685385231593638,0.1756900155455386,1.36,9.0,5.25,betano,betano,luckia,1.0,0.0,0.0,0.0,0.0,0,0.0,0.0,0.0,,,,,,,,,,,,,,,,0.0,0.0,0.0,,,
21-02-2021,U.N.A.M.- Pumas,Club Leon,1975,0.2966892029956493,0.4269846925388447,0.276326104465506,3.45,1.95,3.4,luckia,luckia,luckia,0.0,1.0,0.0,0.0,0.0,0,0.0,0.0,0.0,,,,,,,,,,,,,,,,0.0,0.0,0.0,,,
21-02-2021,Sport Recife,Atletico-MG,2105,0.2096196828642612,0.5221238462120005,0.2682564709237383,5.0,1.72,3.75,luckia,betano,luckia,0.0,1.0,0.0,0.0,0.0,0,0.0,0.0,0.0,,,,,,,,,,,,,,,,0.0,0.0,0.0,,,
21-02-2021,Ajax,Sparta Rotterdam,1849,0.8152234608532056,0.06122495591301337,0.123551583233781,1.19,11.0,6.75,betano,betano,luckia,1.0,0.0,0.0,0.0,0.0,0,0.0,0.0,0.0,,,,,,,,,,,,,,,,0.0,0.0,0.0,,,
21-02-2021,Manchester Utd,Newcastle,2411,0.7664285135664971,0.08035225145660516,0.1532192349768976,1.29,9.25,6.0,betano,luckia,luckia,1.0,0.0,0.0,0.0,0.0,0,0.0,0.0,0.0,,,,,,,,,,,,,,,,0.0,0.0,0.0,,,
21-02-2021,Corinthians,Vasco,2105,0.5724875471421103,0.156827787777468,0.2706846650804219,1.85,4.25,3.45,betano,betano,luckia,0.0,0.0,1.0,0.0,0.0,0,0.0,0.0,0.0,,,,,,,,,,,,,,,,0.0,0.0,0.0,,,
21-02-2021,Flamengo RJ,Internacional,2105,0.6827411967152126,0.114037827603203,0.2032209756815844,1.6,5.75,3.75,betano,luckia,luckia,1.0,0.0,0.0,0.054197589397240065,0.0,0,0.08671614303558411,0.0,0.0,,,,,,,,,,,,,,,,0.054197589397240065,0.0,0.0,0.03251855363834405,,
21-02-2021,Ross County,Celtic,2417,0.1239012616691199,0.7112925488478318,0.1648061894830483,8.75,1.25,5.75,luckia,luckia,luckia,1.0,0.0,0.0,0.0,0.0,0,0.0,0.0,0.0,,,,,,,,,,,,,,,,0.0,0.0,0.0,,,
21-02-2021,Lugo,Logrones,1871,0.4239150996859913,0.2362700230509131,0.3398148772630956,2.2,3.75,2.8,luckia,luckia,betano,0.0,0.0,1.0,0.0,0.0,0,0.0,0.0,0.0,,,,,,,,,,,,,,,,0.0,0.0,0.0,,,
21-02-2021,Antwerp,St. Truiden,1832,0.4368006481424686,0.2666416395412873,0.2965577123162441,2.05,3.25,3.45,luckia,luckia,luckia,0.0,0.0,1.0,0.0,0.0,0,0.0,0.0,0.0,,,,,,,,,,,,,,,,0.0,0.0,0.0,,,
21-02-2021,Benevento,AS Roma,1854,0.1541870282073902,0.6496381158541404,0.1961748559384693,6.0,1.5,4.4,luckia,betano,luckia,0.0,0.0,1.0,0.0,0.0,0,0.0,0.0,0.0,,,,,,,,,,,,,,,,0.0,0.0,0.0,,,
21-02-2021,Ath Bilbao,Villarreal,1869,0.3810901950743907,0.2909530572341791,0.3279567476914302,2.42,3.05,3.1,betano,luckia,luckia,0.0,0.0,1.0,0.0,0.0,0,0.0,0.0,0.0,,,,,,,,,,,,,,,,0.0,0.0,0.0,,,
21-02-2021,Lecce,Cosenza,1856,0.6000764653709202,0.1498351227069364,0.2500884119221434,1.72,4.5,3.35,betano,betano,betano,1.0,0.0,0.0,0.0,0.0,0,0.0,0.0,0.0,,,,,,,,,,,,,,,,0.0,0.0,0.0,,,
21-02-2021,Paris SG,Monaco,1843,0.6321512084530075,0.1390146839277859,0.2288341076192066,1.62,5.25,4.0,betano,luckia,betano,0.0,1.0,0.0,0.0,0.0,0,0.0,0.0,0.0,,,,,,,,,,,,,,,,0.0,0.0,0.0,,,
21-02-2021,Malaga,Rayo Vallecano,1871,0.3189054995786346,0.3478064506647541,0.3332880497566112,3.4,2.3,2.85,luckia,luckia,betano,1.0,0.0,0.0,0.0,0.0,0,0.0,0.0,0.0,,,,,,,,,,,,,,,,0.0,0.0,0.0,,,
21-02-2021,SC Farense,Benfica,1864,0.1239294065308166,0.7016731902462152,0.1743974032229682,8.0,1.38,5.25,betano,betano,luckia,0.0,0.0,1.0,0.0,0.0,0,0.0,0.0,0.0,,,,,,,,,,,,,,,,0.0,0.0,0.0,,,
21-02-2021,Santos,Fluminense,2105,0.4269910656888352,0.2262842038342757,0.346724730476889,2.12,3.45,3.2,betano,luckia,betano,0.0,0.0,1.0,0.0,0.0,0,0.0,0.0,0.0,,,,,,,,,,,,,,,,0.0,0.0,0.0,,,
21-02-2021,Gremio,Athletico-PR,2105,0.5509799951237195,0.1648145978883703,0.2842054069879101,1.83,4.4,3.3,betano,betano,betano,1.0,0.0,0.0,0.0,0.0,0,0.0,0.0,0.0,,,,,,,,,,,,,,,,0.0,0.0,0.0,,,
21-02-2021,Queretaro,Puebla,1975,0.3766144379942722,0.3061019524446315,0.3172836095610962,2.15,3.2,3.2,luckia,luckia,luckia,0.0,0.0,1.0,0.0,0.0,0,0.0,0.0,0.0,,,,,,,,,,,,,,,,0.0,0.0,0.0,,,
21-02-2021,Goias,Bragantino,2105,0.2510057912692959,0.4377844224172773,0.3112097863134269,4.15,1.82,3.5,luckia,betano,luckia,0.0,0.0,1.0,0.0,0.0,0,0.0,0.0,0.0,,,,,,,,,,,,,,,,0.0,0.0,0.0,,,
22-02-2021,Ankaragucu,Rizespor,1882,0.3646385619297629,0.3296608896946419,0.3057005483755952,2.5,2.72,3.0,betano,betano,betano,0.0,0.0,1.0,0.0,0.0,0,0.0,0.0,0.0,,,,,,,,,,,,,,,,0.0,0.0,0.0,,,
22-02-2021,Fuenlabrada,R. Oviedo,1871,0.3574937185028568,0.2908342806023171,0.3516720008948261,2.65,2.8,2.72,betano,betano,betano,0.0,0.0,1.0,0.0,0.0,0,0.0,0.0,0.0,,,,,,,,,,,,,,,,0.0,0.0,0.0,,,
22-02-2021,Lyngby,FC Copenhagen,1837,0.1653000035956957,0.6319296161826946,0.2027703802216098,4.75,1.42,3.75,betano,betano,betano,0.0,0.0,1.0,0.0,0.0,0,0.0,0.0,0.0,,,,,,,,,,,,,,,,0.0,0.0,0.0,,,
22-02-2021,Maritimo,FC Porto,1864,0.1144884974923036,0.716826089486009,0.1686854130216875,9.0,1.32,5.5,luckia,betano,luckia,0.0,1.0,0.0,0.0,0.0,0,0.0,0.0,0.0,,,,,,,,,,,,,,,,0.0,0.0,0.0,,,
22-02-2021,Greuther Furth,Holstein Kiel,1846,0.3383313338494428,0.345434542653781,0.3162341234967762,2.37,2.7,3.25,betano,betano,betano,1.0,0.0,0.0,0.0,0.0,0,0.0,0.0,0.0,,,,,,,,,,,,,,,,0.0,0.0,0.0,,,
22-02-2021,Juventus,Crotone,1854,0.8136694960778639,0.06103057529809458,0.1252999286240415,1.15,16.5,6.7,betano,betano,betano,1.0,0.0,0.0,0.0,0.0,0,0.0,0.0,0.0,,,,,,,,,,,,,,,,0.0,0.0,0.0,,,
22-02-2021,Guingamp,Caen,1844,0.3868568598974611,0.3070298659924304,0.3061132741101085,2.15,2.85,2.75,betano,betano,betano,0.0,0.0,1.0,0.0,0.0,0,0.0,0.0,0.0,,,,,,,,,,,,,,,,0.0,0.0,0.0,,,
22-02-2021,Club Brugge KV,Leuven,1832,0.7296459697496482,0.09538133033920013,0.1749726999111515,1.28,8.25,5.1,betano,betano,betano,1.0,0.0,0.0,0.0,0.0,0,0.0,0.0,0.0,,,,,,,,,,,,,,,,0.0,0.0,0.0,,,
22-02-2021,Zaragoza,Alcorcon,1871,0.4086261769403771,0.2392094520420647,0.3521643710175582,2.12,3.65,2.8,betano,betano,betano,0.0,1.0,0.0,0.0,0.0,0,0.0,0.0,0.0,,,,,,,,,,,,,,,,0.0,0.0,0.0,,,
22-02-2021,Brighton,Crystal Palace,2411,0.506328811159398,0.2048983414814791,0.288772847359123,1.72,4.9,3.35,betano,betano,betano,0.0,1.0,0.0,0.0,0.0,0,0.0,0.0,0.0,,,,,,,,,,,,,,,,0.0,0.0,0.0,,,
22-02-2021,Osasuna,Sevilla,1869,0.2427463493348153,0.4651428153756823,0.2921108352895025,4.15,2.0,2.95,betano,betano,betano,0.0,1.0,0.0,0.0,0.0,0,0.0,0.0,0.0,,,,,,,,,,,,,,,,0.0,0.0,0.0,,,
22-02-2021,Palmeiras,Atletico GO,2105,0.4936060993105351,0.1904054034261109,0.3159884972633541,1.7,4.6,3.7,betano,betano,betano,0.0,0.0,1.0,0.0,0.0,0,0.0,0.0,0.0,,,,,,,,,,,,,,,,0.0,0.0,0.0,,,
22-02-2021,Botafogo RJ,Sao Paulo,2105,0.1568661199402865,0.6147412192823039,0.2283926607774095,6.9,1.45,4.1,betano,betano,betano,1.0,0.0,0.0,0.0,0.0,0,0.0,0.0,0.0,,,,,,,,,,,,,,,,0.0,0.0,0.0,,,
23-02-2021,Paderborn,Heidenheim,1846,0.4113869883660721,0.2889356522645151,0.2996773593694128,2.2,3.0,3.35,luckia,luckia,luckia,0.0,0.0,1.0,0.0,0.0,0,0.0,0.0,0.0,,,,,,,,,,,,,,,,0.0,0.0,0.0,,,
23-02-2021,Hartberg,Tirol,1827,0.263083601283185,0.4480931623216266,0.2888232363951884,2.75,2.35,3.4,luckia,luckia,luckia,1.0,0.0,0.0,0.0,0.0,0,0.0,0.0,0.0,,,,,,,,,,,,,,,,0.0,0.0,0.0,,,
23-02-2021,Leeds,Southampton,2411,0.3852788562795687,0.3177973075006344,0.2969238362197968,2.3,3.1,3.4,luckia,betano,luckia,1.0,0.0,0.0,0.0,0.0,0,0.0,0.0,0.0,,,,,,,,,,,,,,,,0.0,0.0,0.0,,,
23-02-2021,Morecambe,Salford,2414,0.3603321540060452,0.3419645696197127,0.297703276374242,1.001,1.001,1.001,,,,1.0,0.0,0.0,0.0,0.0,0,0.0,0.0,0.0,,,,,,,,,,,,,,,,0.0,0.0,0.0,,,
23-02-2021,AFC Wimbledon,Gillingham,2413,0.345958865849001,0.3474999427106929,0.3065411914403062,2.65,2.5,3.3,luckia,luckia,luckia,1.0,0.0,0.0,0.0,0.0,0,0.0,0.0,0.0,,,,,,,,,,,,,,,,0.0,0.0,0.0,,,
23-02-2021,Charlton,Burton,2413,0.5039874479314598,0.2212867319659712,0.274725820102569,1.83,4.15,3.35,luckia,luckia,luckia,0.0,1.0,0.0,0.0,0.0,0,0.0,0.0,0.0,,,,,,,,,,,,,,,,0.0,0.0,0.0,,,
23-02-2021,Derby,Huddersfield,2412,0.3854688924869504,0.3003295261172794,0.3142015813957701,2.15,3.45,3.2,luckia,luckia,betano,1.0,0.0,0.0,0.0,0.0,0,0.0,0.0,0.0,,,,,,,,,,,,,,,,0.0,0.0,0.0,,,
23-02-2021,Crewe,Accrington,2413,0.375413204786104,0.3158879413506312,0.3086988538632649,2.25,2.85,3.45,luckia,luckia,luckia,1.0,0.0,0.0,0.0,0.0,0,0.0,0.0,0.0,,,,,,,,,,,,,,,,0.0,0.0,0.0,,,
23-02-2021,Colchester,Exeter,2414,0.2997975776499858,0.4149918857090686,0.2852105366409455,1.001,1.001,1.001,,,,0.0,1.0,0.0,0.0,0.0,0,0.0,0.0,0.0,,,,,,,,,,,,,,,,0.0,0.0,0.0,,,
23-02-2021,Cambridge Utd,Cheltenham,2414,0.3085975511146574,0.3758539371036749,0.3155485117816677,1.001,1.001,1.001,,,,0.0,1.0,0.0,0.0,0.0,0,0.0,0.0,0.0,,,,,,,,,,,,,,,,0.0,0.0,0.0,,,
23-02-2021,Port Vale,Stevenage,2414,0.403912447037566,0.29157572651803,0.3045118264444041,1.001,1.001,1.001,,,,0.0,0.0,1.0,0.0,0.0,0,0.0,0.0,0.0,,,,,,,,,,,,,,,,0.0,0.0,0.0,,,
23-02-2021,Bradford City,Leyton Orient,2414,0.4203905055253693,0.2796822882529395,0.2999272062216911,1.001,1.001,1.001,,,,1.0,0.0,0.0,0.0,0.0,0,0.0,0.0,0.0,,,,,,,,,,,,,,,,0.0,0.0,0.0,,,
23-02-2021,Carlisle,Tranmere,2414,0.4609561831729515,0.2516094316808408,0.2874343851462077,1.001,1.001,1.001,,,,0.0,1.0,0.0,0.0,0.0,0,0.0,0.0,0.0,,,,,,,,,,,,,,,,0.0,0.0,0.0,,,
23-02-2021,Grimsby,Crawley,2414,0.385142681143472,0.31764082860543,0.2972164902510979,1.001,1.001,1.001,,,,1.0,0.0,0.0,0.0,0.0,0,0.0,0.0,0.0,,,,,,,,,,,,,,,,0.0,0.0,0.0,,,
23-02-2021,Shrewsbury,MK Dons,2413,0.3261358416610027,0.3480498813969512,0.3258142769420462,2.7,2.6,3.0,luckia,luckia,luckia,1.0,0.0,0.0,0.0,0.0,0,0.0,0.0,0.0,,,,,,,,,,,,,,,,0.0,0.0,0.0,,,
23-02-2021,Blackpool,Doncaster,2413,0.3973932409456953,0.2925548232550454,0.3100519357992592,2.15,3.45,3.05,luckia,luckia,luckia,,,,0.0,0.0,0,0.0,0.0,0.0,,,,,,,,,,,,,,,,0.0,0.0,0.0,,,
23-02-2021,Oldham,Barrow,2414,0.4104789904946187,0.3047787715719927,0.2847422379333885,1.001,1.001,1.001,,,,0.0,1.0,0.0,0.0,0.0,0,0.0,0.0,0.0,,,,,,,,,,,,,,,,0.0,0.0,0.0,,,
23-02-2021,Oxford Utd,Portsmouth,2413,0.3118015376171223,0.3712263227943468,0.316972139588531,2.65,2.45,3.3,luckia,luckia,luckia,0.0,1.0,0.0,0.0,0.0,0,0.0,0.0,0.0,,,,,,,,,,,,,,,,0.0,0.0,0.0,,,
23-02-2021,Bristol Rovers,Wigan,2413,0.3998432116918717,0.2931563806508702,0.3070004076572581,2.15,3.2,3.25,luckia,luckia,luckia,0.0,1.0,0.0,0.0,0.0,0,0.0,0.0,0.0,,,,,,,,,,,,,,,,0.0,0.0,0.0,,,
23-02-2021,Hull,Ipswich,2413,0.5323220712872622,0.1817374666831598,0.2859404620295781,1.71,4.7,3.4,luckia,luckia,luckia,0.0,1.0,0.0,0.0,0.0,0,0.0,0.0,0.0,,,,,,,,,,,,,,,,0.0,0.0,0.0,,,
23-02-2021,Birmingham,Norwich,2412,0.1811275006155826,0.5931487564267809,0.2257237429576364,5.5,1.62,3.8,luckia,betano,luckia,0.0,1.0,0.0,0.0,0.0,0,0.0,0.0,0.0,,,,,,,,,,,,,,,,0.0,0.0,0.0,,,
23-02-2021,Northampton,Rochdale,2413,0.4099897200748269,0.2911610697990766,0.2988492101260964,2.1,3.3,3.35,luckia,luckia,luckia,0.0,0.0,1.0,0.0,0.0,0,0.0,0.0,0.0,,,,,,,,,,,,,,,,0.0,0.0,0.0,,,
23-02-2021,Middlesbrough,Bristol City,2412,0.565088258173034,0.1761487008419022,0.2587630409850638,1.65,5.75,3.65,betano,luckia,luckia,0.0,1.0,0.0,0.0,0.0,0,0.0,0.0,0.0,,,,,,,,,,,,,,,,0.0,0.0,0.0,,,
23-02-2021,Bolton,Scunthorpe,2414,0.453556470349999,0.2599771093399739,0.286466420310027,1.001,1.001,1.001,,,,1.0,0.0,0.0,0.0,0.0,0,0.0,0.0,0.0,,,,,,,,,,,,,,,,0.0,0.0,0.0,,,
23-02-2021,Sunderland,Fleetwood,2413,0.5123069076774454,0.1963852611533947,0.2913078311691599,1.8,4.3,3.3,luckia,luckia,luckia,1.0,0.0,0.0,0.0,0.0,0,0.0,0.0,0.0,,,,,,,,,,,,,,,,0.0,0.0,0.0,,,
23-02-2021,Lincoln,Swindon,2413,0.6351153060403107,0.1333830314126088,0.2315016625470804,1.47,6.5,3.9,luckia,luckia,luckia,0.0,0.0,1.0,0.0,0.0,0,0.0,0.0,0.0,,,,,,,,,,,,,,,,0.0,0.0,0.0,,,
23-02-2021,Plymouth,Peterborough,2413,0.2580558626667988,0.4715994865040256,0.2703446508291756,3.25,2.1,3.35,luckia,luckia,luckia,0.0,1.0,0.0,0.0,0.0,0,0.0,0.0,0.0,,,,,,,,,,,,,,,,0.0,0.0,0.0,,,
23-02-2021,Luton,Millwall,2412,0.3249463649901392,0.340426843871927,0.3346267911379339,2.85,2.65,2.9,luckia,luckia,luckia,0.0,0.0,1.0,0.0,0.0,0,0.0,0.0,0.0,,,,,,,,,,,,,,,,0.0,0.0,0.0,,,
23-02-2021,Wycombe,Reading,2412,0.2300026270540169,0.5009137657143039,0.2690836072316792,4.2,1.83,3.45,luckia,luckia,luckia,1.0,0.0,0.0,0.0,0.0,0,0.0,0.0,0.0,,,,,,,,,,,,,,,,0.0,0.0,0.0,,,
23-02-2021,Rotherham,Nottingham,2412,0.3109442838871583,0.3620431875818624,0.3270125285309794,2.85,2.5,3.1,luckia,luckia,luckia,0.0,1.0,0.0,0.0,0.0,0,0.0,0.0,0.0,,,,,,,,,,,,,,,,0.0,0.0,0.0,,,
23-02-2021,Lazio,Bayern Munich,1818,0.2062199681571419,0.5607802090922781,0.2329998227505801,4.7,1.72,3.95,betano,betano,betano,0.0,1.0,0.0,0.0,0.0,0,0.0,0.0,0.0,,,,,,,,,,,,,,,,0.0,0.0,0.0,,,
23-02-2021,Atl. Madrid,Chelsea,1818,0.268806598137052,0.4338132191107096,0.2973801827522384,3.05,2.71,3.29,betano,betano,betano,0.0,1.0,0.0,0.0,0.005048855738774283,0,0.0,0.013682399052078307,0.0,,,,,,,,,,,,,,,,0.0,0.005048855738774283,0.0,,0.008633543313304024,
24-02-2021,Willem II,Den Haag,1849,0.5551338579301347,0.1852066210069707,0.2596595210628946,1.66,4.65,3.7,luckia,luckia,luckia,0.0,0.0,1.0,0.0,0.0,0,0.0,0.0,0.0,,,,,,,,,,,,,,,,0.0,0.0,0.0,,,
24-02-2021,Tottenham,Wolfsberger AC,1820,0.7266721607805504,0.09718573927736701,0.1761420999420827,1.27,10.5,5.6,betano,betano,betano,1.0,0.0,0.0,0.0,0.0,0,0.0,0.0,0.0,,,,,,,,,,,,,,,,0.0,0.0,0.0,,,
24-02-2021,Vaduz,Luzern,1879,0.2500044931096333,0.4700126251045064,0.2799828817858604,3.0,1.93,3.05,betano,betano,betano,0.0,0.0,1.0,0.0,0.0,0,0.0,0.0,0.0,,,,,,,,,,,,,,,,0.0,0.0,0.0,,,
24-02-2021,Walsall,Newport,2414,0.3745049538202688,0.3223703482384381,0.3031246979412932,1.001,1.001,1.001,,,,0.0,1.0,0.0,0.0,0.0,0,0.0,0.0,0.0,,,,,,,,,,,,,,,,0.0,0.0,0.0,,,
24-02-2021,Groningen,Feyenoord,1849,0.2844333244693372,0.4153140827589568,0.300252592771706,3.35,2.05,3.45,luckia,betano,luckia,0.0,0.0,1.0,0.0,0.0,0,0.0,0.0,0.0,,,,,,,,,,,,,,,,0.0,0.0,0.0,,,
24-02-2021,Barcelona,Elche,1869,0.8603933846107454,0.04319276110556219,0.0964138542836924,1.11,20.0,9.5,luckia,betano,luckia,1.0,0.0,0.0,0.0,0.0,0,0.0,0.0,0.0,,,,,,,,,,,,,,,,0.0,0.0,0.0,,,
24-02-2021,St. Mirren,Motherwell,2417,0.4271054245461181,0.2708173129460235,0.3020772625078585,2.0,3.9,3.45,betano,luckia,luckia,0.0,0.0,1.0,0.0,0.0,0,0.0,0.0,0.0,,,,,,,,,,,,,,,,0.0,0.0,0.0,,,
24-02-2021,Nimes,Lorient,1843,0.2770272672271936,0.4242951897919581,0.2986775429808482,3.1,2.25,3.35,luckia,luckia,betano,1.0,0.0,0.0,0.0,0.0,0,0.0,0.0,0.0,,,,,,,,,,,,,,,,0.0,0.0,0.0,,,
24-02-2021,Forest Green,Southend,2414,0.578377193578612,0.1638619763400611,0.257760830081327,1.001,1.001,1.001,,,,0.0,1.0,0.0,0.0,0.0,0,0.0,0.0,0.0,,,,,,,,,,,,,,,,0.0,0.0,0.0,,,
24-02-2021,Barnsley,Stoke,2412,0.3472076171735475,0.3227066002537735,0.330085782572679,2.3,3.15,3.05,luckia,luckia,luckia,1.0,0.0,0.0,0.0,0.0,0,0.0,0.0,0.0,,,,,,,,,,,,,,,,0.0,0.0,0.0,,,
24-02-2021,Brentford,Sheffield Wed,2412,0.5459880812383557,0.179575729878005,0.2744361888836393,1.62,6.0,3.5,luckia,luckia,betano,1.0,0.0,0.0,0.0,0.0,0,0.0,0.0,0.0,,,,,,,,,,,,,,,,0.0,0.0,0.0,,,
24-02-2021,Swansea,Coventry,2412,0.3828692072899396,0.2887042103627255,0.328426582347335,2.1,3.8,3.0,luckia,luckia,luckia,1.0,0.0,0.0,0.0,0.0,0,0.0,0.0,0.0,,,,,,,,,,,,,,,,0.0,0.0,0.0,,,
24-02-2021,Blackburn,Watford,2412,0.2755843241545921,0.4279024055693808,0.2965132702760271,3.2,2.25,3.2,luckia,luckia,luckia,0.0,1.0,0.0,0.0,0.0,0,0.0,0.0,0.0,,,,,,,,,,,,,,,,0.0,0.0,0.0,,,
24-02-2021,Bournemouth,Cardiff,2412,0.3905428803824993,0.304390192303967,0.3050669273135336,2.15,3.35,3.25,luckia,luckia,luckia,0.0,1.0,0.0,0.0,0.0,0,0.0,0.0,0.0,,,,,,,,,,,,,,,,0.0,0.0,0.0,,,
24-02-2021,Preston,QPR,2412,0.3160950332885919,0.364506259425988,0.3193987072854201,2.75,2.45,3.25,luckia,luckia,luckia,0.0,0.0,1.0,0.0,0.0,0,0.0,0.0,0.0,,,,,,,,,,,,,,,,0.0,0.0,0.0,,,
24-02-2021,B. Monchengladbach,Manchester City,1818,0.1241660284637994,0.701784223357936,0.1740497481782645,10.25,1.32,5.5,betano,betano,betano,0.0,1.0,0.0,0.0,0.0,0,0.0,0.0,0.0,,,,,,,,,,,,,,,,0.0,0.0,0.0,,,
24-02-2021,Atalanta,Real Madrid,1818,0.310919196166377,0.3877061838721928,0.3013746199614302,2.36,3.13,3.89,betano,betano,betano,0.0,1.0,0.0,0.0,0.007723957355047328,0,0.0,0.024175986521298137,0.0,,,,,,,,,,,,,,,,0.0,0.007723957355047328,0.0,,0.016452029166250808,
25-02-2021,Ajax,Lille,1820,0.4366775111574885,0.2779628770479491,0.2853596117945624,2.18,3.25,3.65,betano,betano,betano,1.0,0.0,0.0,0.0,0.0,0,0.0,0.0,0.0,,,,,,,,,,,,,,,,0.0,0.0,0.0,,,
25-02-2021,Rangers,Antwerp,1820,0.5529731666312366,0.1861241848555275,0.260902648513236,1.65,4.8,3.7,betano,betano,betano,1.0,0.0,0.0,0.0,0.0,0,0.0,0.0,0.0,,,,,,,,,,,,,,,,0.0,0.0,0.0,,,
25-02-2021,Arsenal,Benfica,1820,0.5668848531996294,0.1769088163484079,0.2562063304519628,1.77,5.41,3.99,betano,betano,betano,1.0,0.0,0.0,0.0,0.0,0,0.0,0.0,0.0,,,,,,,,,,,,,,,,0.0,0.0,0.0,,,
25-02-2021,Napoli,Granada CF,1820,0.6284634225752193,0.140685207577392,0.2308513698473888,1.57,5.7,4.15,betano,betano,betano,1.0,0.0,0.0,0.0,0.0,0,0.0,0.0,0.0,,,,,,,,,,,,,,,,0.0,0.0,0.0,,,
25-02-2021,Shakhtar Donetsk,Maccabi Tel Aviv,1820,0.5278823877410945,0.1987021492187352,0.2734154630401703,1.78,4.25,3.5,betano,betano,betano,1.0,0.0,0.0,0.0,0.0,0,0.0,0.0,0.0,,,,,,,,,,,,,,,,0.0,0.0,0.0,,,
25-02-2021,Hoffenheim,Molde,1820,0.7028079663953386,0.1078656135422901,0.1893264200623712,1.25,9.0,5.9,betano,betano,betano,0.0,1.0,0.0,0.0,0.0,0,0.0,0.0,0.0,,,,,,,,,,,,,,,,0.0,0.0,0.0,,,
25-02-2021,Villarreal,Salzburg,1820,0.4323485976234165,0.2825049588645466,0.2851464435120368,2.05,3.3,3.45,betano,betano,betano,1.0,0.0,0.0,0.0,0.0,0,0.0,0.0,0.0,,,,,,,,,,,,,,,,0.0,0.0,0.0,,,
25-02-2021,AC Milan,FK Crvena zvezda,1820,0.6751222789060565,0.1194038870346794,0.2054738340592642,1.001,1.001,1.001,,,,0.0,0.0,1.0,0.0,0.0,0,0.0,0.0,0.0,,,,,,,,,,,,,,,,0.0,0.0,0.0,,,
25-02-2021,Manchester Utd,Real Sociedad,1820,0.4863407888687544,0.2358832118319105,0.2777759992993351,1.98,3.6,3.7,betano,betano,betano,0.0,0.0,1.0,0.0,0.0,0,0.0,0.0,0.0,,,,,,,,,,,,,,,,0.0,0.0,0.0,,,
25-02-2021,PSV,Olympiacos Piraeus,1820,0.4643943208772036,0.251872891247856,0.2837327878749403,1.001,1.001,1.001,,,,1.0,0.0,0.0,0.0,0.0,0,0.0,0.0,0.0,,,,,,,,,,,,,,,,0.0,0.0,0.0,,,
25-02-2021,AS Roma,Braga,1820,0.6353423158672802,0.1373782697971689,0.2272794143355509,1.6,5.2,4.45,betano,betano,betano,1.0,0.0,0.0,0.0,0.0,0,0.0,0.0,0.0,,,,,,,,,,,,,,,,0.0,0.0,0.0,,,
25-02-2021,Leicester,Slavia Prague,1820,0.6414208519598663,0.1345616468231865,0.2240175012169473,1.45,6.8,4.05,betano,betano,betano,0.0,1.0,0.0,0.0,0.0,0,0.0,0.0,0.0,,,,,,,,,,,,,,,,0.0,0.0,0.0,,,
25-02-2021,Club Brugge KV,Dyn. Kyiv,1820,0.4350264247253335,0.2659052822752824,0.299068292999384,2.05,3.6,3.2,betano,betano,betano,0.0,1.0,0.0,0.0,0.0,0,0.0,0.0,0.0,,,,,,,,,,,,,,,,0.0,0.0,0.0,,,
25-02-2021,D. Zagreb,Krasnodar,1820,0.422130298266038,0.2889588465310101,0.2889108552029521,2.18,3.05,3.4,betano,betano,betano,1.0,0.0,0.0,0.0,0.0,0,0.0,0.0,0.0,,,,,,,,,,,,,,,,0.0,0.0,0.0,,,
25-02-2021,Bayer Leverkusen,Young Boys,1820,0.5789204813217748,0.1696075582831766,0.2514719603950487,1.6,4.7,4.15,betano,betano,betano,0.0,1.0,0.0,0.0,0.0,0,0.0,0.0,0.0,,,,,,,,,,,,,,,,0.0,0.0,0.0,,,
26-02-2021,Perth Glory,Brisbane Roar,1948,0.4214052973341743,0.2535284227158806,0.3250662799499452,2.15,3.0,3.6,luckia,luckia,betano,,,,0.0,0.0,0,,,,,,,,,,,,,,,,,,,,,,,,
26-02-2021,Konyaspor,Gaziantep,1882,0.4165138842942632,0.2880229156319597,0.2954632000737772,2.45,2.95,2.95,luckia,luckia,luckia,,,,0.0,0.0,0,,,,,,,,,,,,,,,,,,,,,,,,
26-02-2021,Genclerbirligi,Yeni Malatyaspor,1882,0.3333408443903123,0.368254621716478,0.2984045338932098,3.0,2.25,3.25,luckia,luckia,luckia,,,,0.0,0.0,0,,,,,,,,,,,,,,,,,,,,,,,,
26-02-2021,Besiktas,Denizlispor,1882,0.7491983540180307,0.08703570069404329,0.163765945287926,1.36,8.25,5.5,betano,luckia,luckia,,,,0.0,0.0,0,,,,,,,,,,,,,,,,,,,,,,,,
26-02-2021,Darmstadt,Karlsruher,1846,0.4151776550115309,0.2970849203180639,0.2877374246704051,2.5,2.65,3.25,luckia,luckia,betano,,,,0.0,0.0,0,,,,,,,,,,,,,,,,,,,,,,,,
26-02-2021,Regensburg,Paderborn,1846,0.3861695271393989,0.3110762191086394,0.3027542537519616,2.65,2.5,3.25,luckia,luckia,luckia,,,,0.0,0.0,0,,,,,,,,,,,,,,,,,,,,,,,,
26-02-2021,Reggiana,Salernitana,1856,0.3313964357687399,0.3352714861821521,0.333332078049108,1.001,1.001,1.001,,,,,,,0.0,0.0,0,,,,,,,,,,,,,,,,,,,,,,,,
26-02-2021,Sabadell,Albacete,1871,0.4050263356073794,0.2485175236577758,0.3464561407348448,2.1,3.55,3.05,luckia,luckia,luckia,,,,0.0,0.0,0,,,,,,,,,,,,,,,,,,,,,,,,
26-02-2021,Vejle,Horsens,1837,0.4317609218771922,0.2569788551317106,0.3112602229910972,2.05,3.65,3.1,luckia,luckia,luckia,,,,0.0,0.0,0,,,,,,,,,,,,,,,,,,,,,,,,
26-02-2021,Zwolle,Heerenveen,1849,0.4061057689823436,0.2913364064946177,0.3025578245230386,2.45,2.7,3.25,luckia,luckia,luckia,,,,0.0,0.0,0,,,,,,,,,,,,,,,,,,,,,,,,
26-02-2021,Werder Bremen,Eintracht Frankfurt,1845,0.2031923182061511,0.5606735365904231,0.2361341452034259,4.15,1.8,3.8,luckia,betano,luckia,,,,0.0,0.0,0,,,,,,,,,,,,,,,,,,,,,,,,
26-02-2021,Derby,Nottingham,2412,0.3392545980702819,0.3239292181623715,0.3368161837673466,2.6,2.95,2.9,luckia,luckia,luckia,,,,0.0,0.0,0,,,,,,,,,,,,,,,,,,,,,,,,
26-02-2021,Charleroi,Genk,1832,0.3342419365759071,0.3699735384317046,0.2957845249923883,2.7,2.35,3.45,luckia,luckia,luckia,,,,0.0,0.0,0,,,,,,,,,,,,,,,,,,,,,,,,
26-02-2021,Rennes,Nice,1843,0.4935574846915815,0.2094475624993592,0.2969949528090593,1.78,4.85,3.4,betano,luckia,betano,,,,0.0,0.0,0,,,,,,,,,,,,,,,,,,,,,,,,
26-02-2021,Levante,Ath Bilbao,1869,0.2932646183160926,0.3890743051979998,0.3176610764859076,3.2,2.3,3.15,luckia,luckia,luckia,,,,0.0,0.0,0,,,,,,,,,,,,,,,,,,,,,,,,
26-02-2021,Empoli,Venezia,1856,0.379927069396651,0.2763940096923937,0.3436789209109554,2.12,3.4,3.15,betano,betano,betano,,,,0.0,0.0,0,,,,,,,,,,,,,,,,,,,,,,,,
26-02-2021,Vitoria Guimaraes,Boavista,1864,0.4075686034943614,0.2738720232882407,0.318559373217398,2.0,3.8,3.3,luckia,luckia,luckia,,,,0.0,0.0,0,,,,,,,,,,,,,,,,,,,,,,,,
